Date,Home,Gas,Beef,Pork,IncomeMid,IncomeMid,SavingsRate,PctHome,PctGas,PctBeef,PctPork,PctChInL,PctChInM,Years,CPI
1970-01-01,24002.01,0.36,98.5,81.4,2283,8689,0.118,0,0,0,0,0,0,1970,37.9
1970-02-01,24170,0.36,98.3,81.1,2283,8689,0.117,0.006998997,0,-0.002030457,-0.003685504,0,0,1971,38.1
1970-03-01,24296,0.36,100.6,80.7,2283,8689,0.124,0.012248558,0,0.021319797,-0.008599509,0,0,1972,38.3
1970-04-01,24400.99,0.36,101.1,79.3,2283,8689,0.133,0.016622775,0,0.026395939,-0.025798526,0,0,1973,38.5
1970-05-01,24589.99,0.36,100.7,79.4,2283,8689,0.124,0.024497115,0,0.022335025,-0.024570025,0,0,1974,38.6
1970-06-01,24757.98,0.36,99.8,79.4,2283,8689,0.123,0.031496112,0,0.01319797,-0.024570025,0,0,1975,38.8
1970-07-01,24820.98,0.36,102,80,2283,8689,0.135,0.034120892,0,0.035532995,-0.017199017,0,0,1976,38.9
1970-08-01,25051.97,0.36,101.7,79.1,2283,8689,0.134,0.04374467,0,0.03248731,-0.028255528,0,0,1977,39
1970-09-01,25303.96,0.36,100.2,76.1,2283,8689,0.129,0.054243374,0,0.017258883,-0.065110565,0,0,1978,39.2
1970-10-01,25429.95,0.36,99.3,74,2283,8689,0.131,0.059492518,0,0.008121827,-0.090909091,0,0,1979,39.4
1970-11-01,25576.95,0.36,99.1,70.2,2283,8689,0.136,0.065617005,0,0.006091371,-0.137592138,0,0,1980,39.6
1970-12-01,25723.94,0.36,98,67.9,2283,8689,0.132,0.071741075,0,-0.005076142,-0.165847666,0,0,1981,39.8
1971-01-01,25786.94,0.36,98.8,67.9,2539,8965,0.133,0.074365855,0,0.003045685,-0.165847666,0.112133158,0.0317643,1982,39.9
1971-02-01,25723.94,0.36,102.9,68.9,2539,8965,0.133,0.071741075,0,0.044670051,-0.153562654,0.112133158,0.0317643,1983,39.9
1971-03-01,25723.94,0.36,104,69.4,2539,8965,0.135,0.071741075,0,0.055837563,-0.147420147,0.112133158,0.0317643,1984,40
1971-04-01,25807.94,0.36,105.8,68.2,2539,8965,0.132,0.075240782,0,0.074111675,-0.162162162,0.112133158,0.0317643,1985,40.1
1971-05-01,25996.93,0.36,106.8,67.7,2539,8965,0.136,0.083114706,0,0.084263959,-0.168304668,0.112133158,0.0317643,1986,40.3
1971-06-01,26269.92,0.36,107.6,69.1,2539,8965,0.147,0.094488337,0,0.092385787,-0.151105651,0.112133158,0.0317643,1987,40.5
1971-07-01,26311.92,0.36,106.8,70.9,2539,8965,0.138,0.09623819,0,0.084263959,-0.128992629,0.112133158,0.0317643,1988,40.6
1971-08-01,26395.91,0.36,107.7,71.1,2539,8965,0.136,0.09973748,0,0.093401015,-0.126535627,0.112133158,0.0317643,1989,40.7
1971-09-01,26458.91,0.36,108,70.5,2539,8965,0.133,0.10236226,0,0.096446701,-0.133906634,0.112133158,0.0317643,1990,40.8
1971-10-01,26542.91,0.36,107.2,70.8,2539,8965,0.133,0.105861967,0,0.088324873,-0.13022113,0.112133158,0.0317643,1991,40.9
1971-11-01,26752.9,0.36,108.5,70.9,2539,8965,0.131,0.114610818,0,0.101522843,-0.128992629,0.112133158,0.0317643,1992,41
1971-12-01,26815.9,0.36,110.8,72.4,2539,8965,0.13,0.117235598,0,0.124873096,-0.110565111,0.112133158,0.0317643,1993,41.1
1972-01-01,26899.89,0.36,114,75.8,2783,9624,0.125,0.120734888,0,0.157360406,-0.068796069,0.219010074,0.10760732,1994,41.2
1972-02-01,26962.89,0.36,118.4,80.8,2783,9624,0.128,0.123359669,0,0.202030457,-0.007371007,0.219010074,0.10760732,1995,41.4
1972-03-01,26941.89,0.36,118.5,78.9,2783,9624,0.118,0.122484742,0,0.203045685,-0.030712531,0.219010074,0.10760732,1996,41.4
1972-04-01,26983.89,0.36,114.6,77.7,2783,9624,0.115,0.124234595,0,0.163451777,-0.045454545,0.219010074,0.10760732,1997,41.5
1972-05-01,27067.88,0.36,114.1,78.9,2783,9624,0.117,0.127733886,0,0.158375635,-0.030712531,0.219010074,0.10760732,1998,41.6
1972-06-01,27235.88,0.36,116.3,81.5,2783,9624,0.117,0.134733299,0,0.18071066,0.001228501,0.219010074,0.10760732,1999,41.7
1972-07-01,27508.87,0.36,120.2,85.1,2783,9624,0.117,0.14610693,0,0.220304569,0.045454545,0.219010074,0.10760732,2000,41.8
1972-08-01,27613.86,0.36,118.7,85.5,2783,9624,0.12,0.150481147,0,0.205076142,0.05036855,0.219010074,0.10760732,2001,41.9
1972-09-01,27592.86,0.36,115.9,86.1,2783,9624,0.122,0.14960622,0,0.176649746,0.057739558,0.219010074,0.10760732,2002,42.1
1972-10-01,27571.86,0.36,115.8,87,2783,9624,0.13,0.148731294,0,0.175634518,0.068796069,0.219010074,0.10760732,2003,42.2
1972-11-01,27592.86,0.36,115.4,86.7,2783,9624,0.136,0.14960622,0,0.171573604,0.065110565,0.219010074,0.10760732,2004,42.4
1972-12-01,27613.86,0.36,117.8,88,2783,9624,0.137,0.150481147,0,0.195939086,0.081081081,0.219010074,0.10760732,2005,42.5
1973-01-01,27550.86,0.39,125.5,93.6,2909,10471,0.124,0.147856367,0.083333333,0.274111675,0.14987715,0.274200613,0.205086891,2006,42.7
1973-02-01,27550.86,0.39,134,96.6,2909,10471,0.125,0.147856367,0.083333333,0.360406091,0.186732187,0.274200613,0.205086891,2007,43
1973-03-01,27571.86,0.39,139.3,102.5,2909,10471,0.127,0.148731294,0.083333333,0.414213198,0.259213759,0.274200613,0.205086891,2008,43.4
1973-04-01,27571.86,0.39,140,102.2,2909,10471,0.132,0.148731294,0.083333333,0.421319797,0.255528256,0.274200613,0.205086891,2009,43.7
1973-05-01,27634.86,0.39,140.1,101.9,2909,10471,0.132,0.151356074,0.083333333,0.422335025,0.251842752,0.274200613,0.205086891,2010,43.9
1973-06-01,27697.86,0.39,139.6,103.6,2909,10471,0.136,0.153980854,0.083333333,0.417258883,0.272727273,0.274200613,0.205086891,2011,44.2
1973-07-01,27676.86,0.39,140.6,107,2909,10471,0.132,0.153105927,0.083333333,0.427411168,0.314496314,0.274200613,0.205086891,2012,44.2
1973-08-01,27928.85,0.39,148.7,130.9,2909,10471,0.139,0.163604631,0.083333333,0.50964467,0.608108108,0.274200613,0.205086891,2013,45
1973-09-01,28033.84,0.39,149.5,125.7,2909,10471,0.131,0.167978848,0.083333333,0.517766497,0.544226044,0.274200613,0.205086891,2014,45.2
1973-10-01,28243.84,0.39,140.4,116.5,2909,10471,0.144,0.176728116,0.083333333,0.425380711,0.431203931,0.274200613,0.205086891,2015,45.6
1973-11-01,28369.83,0.39,139.4,114.8,2909,10471,0.144,0.181977259,0.083333333,0.415228426,0.41031941,0.274200613,0.205086891,2016,45.9
1973-12-01,28558.82,0.39,138.9,115.2,2909,10471,0.148,0.189851183,0.083333333,0.410152284,0.415233415,0.274200613,0.205086891,2017,46.3
1974-01-01,28789.81,0.53,147.8,116.2,3152,11147,0.143,0.199474961,0.472222222,0.500507614,0.427518428,0.380639509,0.282886408,2018,46.8
1974-02-01,29020.8,0.53,155.1,116.7,3152,11147,0.142,0.209098738,0.472222222,0.574619289,0.433660934,0.380639509,0.282886408,2019,47.3
1974-03-01,29335.79,0.53,147.2,111.4,3152,11147,0.134,0.222222222,0.472222222,0.494416244,0.368550369,0.380639509,0.282886408,2020,47.8
1974-04-01,29440.79,0.53,141.2,104.3,3152,11147,0.131,0.226596856,0.472222222,0.433502538,0.281326781,0.380639509,0.282886408,2021,48.1
1974-05-01,29587.78,0.53,139.9,99,3152,11147,0.128,0.232720926,0.472222222,0.420304569,0.216216216,0.380639509,0.282886408,,48.6
1974-06-01,29755.77,0.53,136.9,93.3,3152,11147,0.128,0.239719923,0.472222222,0.389847716,0.146191646,0.380639509,0.282886408,,49
1974-07-01,29902.77,0.53,143,103.3,3152,11147,0.128,0.245844411,0.472222222,0.45177665,0.269041769,0.380639509,0.282886408,,49.3
1974-08-01,30175.76,0.53,148.7,108.3,3152,11147,0.121,0.257218041,0.472222222,0.50964467,0.33046683,0.380639509,0.282886408,,49.9
1974-09-01,30469.74,0.53,147,109.5,3152,11147,0.129,0.269466182,0.472222222,0.492385787,0.345208845,0.380639509,0.282886408,,50.6
1974-10-01,30721.73,0.53,142,108.5,3152,11147,0.134,0.279964886,0.472222222,0.441624365,0.332923833,0.380639509,0.282886408,,51
1974-11-01,30952.72,0.53,139.7,111,3152,11147,0.138,0.289588664,0.472222222,0.418274112,0.363636364,0.380639509,0.282886408,,51.5
1974-12-01,31435.7,0.53,137.3,112.3,3152,11147,0.14,0.309711145,0.472222222,0.393908629,0.37960688,0.380639509,0.282886408,,51.9
1975-01-01,32033.5,0.57,138.1,114.6,3335,11724,0.132,0.334617392,0.583333333,0.402030457,0.407862408,0.460797197,0.349292209,,52.3
1975-02-01,32086.75,0.57,134.2,114.5,3335,11724,0.125,0.336835957,0.583333333,0.362436548,0.406633907,0.460797197,0.349292209,,52.6
1975-03-01,32169.16,0.57,132.2,113.3,3335,11724,0.127,0.340269419,0.583333333,0.34213198,0.391891892,0.460797197,0.349292209,,52.8
1975-04-01,32222.41,0.57,139.4,115.4,3335,11724,0.142,0.342487983,0.583333333,0.415228426,0.417690418,0.460797197,0.349292209,,53
1975-05-01,32318.77,0.57,154,122.6,3335,11724,0.173,0.346502647,0.583333333,0.563451777,0.506142506,0.460797197,0.349292209,,53.1
1975-06-01,32298.49,0.57,164.5,130.1,3335,11724,0.143,0.345657718,0.583333333,0.670050761,0.598280098,0.460797197,0.349292209,,53.5
1975-07-01,32472.18,0.57,167.9,143.3,3335,11724,0.126,0.352894195,0.583333333,0.704568528,0.76044226,0.460797197,0.349292209,,54
1975-08-01,32664.89,0.57,162.2,149.7,3335,11724,0.13,0.360923106,0.583333333,0.646700508,0.839066339,0.460797197,0.349292209,,54.2
1975-09-01,32994.54,0.57,159.5,153.3,3335,11724,0.13,0.374657372,0.583333333,0.61928934,0.883292383,0.460797197,0.349292209,,54.6
1975-10-01,33239.23,0.57,159.1,158.2,3335,11724,0.134,0.384851935,0.583333333,0.615228426,0.943488943,0.460797197,0.349292209,,54.9
1975-11-01,33475.05,0.57,158,153.5,3335,11724,0.127,0.394676946,0.583333333,0.604060914,0.885749386,0.460797197,0.349292209,,55.3
1975-12-01,33570.14,0.57,157.4,147.1,3335,11724,0.12,0.398638697,0.583333333,0.597969543,0.807125307,0.460797197,0.349292209,,55.6
1976-01-01,33693.12,0.59,155.4,143.9,3685,12691,0.117,0.403762435,0.638888889,0.577664975,0.767813268,0.614104249,0.460582345,,55.8
1976-02-01,33757.78,0.59,149.2,141.3,3685,12691,0.123,0.406456376,0.638888889,0.514720812,0.735872236,0.614104249,0.460582345,,55.9
1976-03-01,34054.46,0.59,141.5,138.4,3685,12691,0.122,0.418817007,0.638888889,0.436548223,0.7002457,0.614104249,0.460582345,,56
1976-04-01,34395.51,0.59,148.6,136.3,3685,12691,0.117,0.433026234,0.638888889,0.508629442,0.674447174,0.614104249,0.460582345,,56.1
1976-05-01,34801.22,0.59,148.5,138.3,3685,12691,0.123,0.449929402,0.638888889,0.507614213,0.699017199,0.614104249,0.460582345,,56.4
1976-06-01,34908.99,0.59,147.5,140.1,3685,12691,0.114,0.454419442,0.638888889,0.497461929,0.721130221,0.614104249,0.460582345,,56.7
1976-07-01,35196.79,0.59,145,141.8,3685,12691,0.117,0.466410105,0.638888889,0.472081218,0.742014742,0.614104249,0.460582345,,57
1976-08-01,35426.27,0.59,142.4,137.1,3685,12691,0.117,0.475970971,0.638888889,0.445685279,0.684275184,0.614104249,0.460582345,,57.3
1976-09-01,35681.11,0.59,141,132.4,3685,12691,0.114,0.486588415,0.638888889,0.431472081,0.626535627,0.614104249,0.460582345,,57.6
1976-10-01,35797.75,0.59,140.2,124.6,3685,12691,0.111,0.491448008,0.638888889,0.423350254,0.530712531,0.614104249,0.460582345,,57.9
1976-11-01,36005.68,0.59,142.6,117.3,3685,12691,0.114,0.500111032,0.638888889,0.447715736,0.441031941,0.614104249,0.460582345,,58.1
1976-12-01,36304.89,0.59,146,117,3685,12691,0.106,0.512577072,0.638888889,0.482233503,0.437346437,0.614104249,0.460582345,,58.4
1977-01-01,36606.64,0.62,144.6,119.5,4006,13579,0.106,0.525148935,0.722222222,0.468020305,0.468058968,0.754708717,0.562780527,,58.7
1977-02-01,37036.44,0.62,141.6,121,4006,13579,0.093,0.543055769,0.722222222,0.437563452,0.486486486,0.754708717,0.562780527,,59.3
1977-03-01,37566.4,0.62,140.3,120.9,4006,13579,0.105,0.565135587,0.722222222,0.424365482,0.485257985,0.754708717,0.562780527,,59.6
1977-04-01,38234.56,0.62,141.1,118.8,4006,13579,0.105,0.592973255,0.722222222,0.43248731,0.459459459,0.754708717,0.562780527,,60
1977-05-01,38707.47,0.62,145.9,120.8,4006,13579,0.103,0.612676188,0.722222222,0.481218274,0.484029484,0.754708717,0.562780527,,60.2
1977-06-01,39000.34,0.62,144.8,125.6,4006,13579,0.106,0.624878083,0.722222222,0.470050761,0.542997543,0.754708717,0.562780527,,60.5
1977-07-01,39402.25,0.62,145.9,132,4006,13579,0.105,0.641622931,0.722222222,0.481218274,0.621621622,0.754708717,0.562780527,,60.8
1977-08-01,39801.62,0.62,146.9,130.2,4006,13579,0.109,0.658261954,0.722222222,0.491370558,0.5995086,0.754708717,0.562780527,,61.1
1977-09-01,40322.71,0.62,146.7,130.7,4006,13579,0.111,0.679972219,0.722222222,0.489340102,0.605651106,0.754708717,0.562780527,,61.3
1977-10-01,40829.85,0.62,149.4,126.8,4006,13579,0.11,0.701101283,0.722222222,0.516751269,0.557739558,0.754708717,0.562780527,,61.6
1977-11-01,41252.04,0.62,149.9,127.4,4006,13579,0.112,0.71869106,0.722222222,0.521827411,0.565110565,0.754708717,0.562780527,,62
1977-12-01,41624.79,0.62,153.1,130.5,4006,13579,0.114,0.734221009,0.722222222,0.554314721,0.603194103,0.754708717,0.562780527,,62.3
1978-01-01,42044.45,0.63,156.8,133.8,4310,14943,0.119,0.751705378,0.75,0.591878173,0.643734644,0.887866842,0.719760617,,62.7
1978-02-01,42516.09,0.63,159,138,4310,14943,0.111,0.771355399,0.75,0.614213198,0.695331695,0.887866842,0.719760617,,63
1978-03-01,43108.18,0.63,164.2,139.2,4310,14943,0.11,0.79602375,0.75,0.667005076,0.71007371,0.887866842,0.719760617,,63.4
1978-04-01,43673.64,0.63,173,141.6,4310,14943,0.108,0.81958261,0.75,0.756345178,0.73955774,0.887866842,0.719760617,,63.9
1978-05-01,44273.33,0.63,182.7,141.4,4310,14943,0.103,0.844567601,0.75,0.854822335,0.737100737,0.887866842,0.719760617,,64.5
1978-06-01,44940.22,0.63,191.9,144.2,4310,14943,0.1,0.872352357,0.75,0.94822335,0.771498771,0.887866842,0.719760617,,65
1978-07-01,45572.88,0.63,188.3,144.2,4310,14943,0.109,0.898710983,0.75,0.911675127,0.771498771,0.887866842,0.719760617,,65.5
1978-08-01,46173.84,0.63,186.1,144.4,4310,14943,0.105,0.923748886,0.75,0.889340102,0.773955774,0.887866842,0.719760617,,65.9
1978-09-01,46658.16,0.63,184.2,145.5,4310,14943,0.106,0.943927196,0.75,0.870050761,0.787469287,0.887866842,0.719760617,,66.5
1978-10-01,47110.78,0.63,184.4,149.4,4310,14943,0.107,0.962784783,0.75,0.872081218,0.835380835,0.887866842,0.719760617,,67.1
1978-11-01,47605.24,0.63,184.6,150.4,4310,14943,0.105,0.983385558,0.75,0.874111675,0.847665848,0.887866842,0.719760617,,67.5
1978-12-01,48169.44,0.63,190.3,150.5,4310,14943,0.104,1.006891923,0.75,0.931979695,0.848894349,0.887866842,0.719760617,,67.9
1979-01-01,48813.5,0.86,201.4,163.14,4602,16428,0.111,1.033725509,1.388888889,1.044670051,1.004176904,1.015768725,0.89066636,,68.5
1979-02-01,49427.14,0.86,211.6,166.21,4602,16428,0.111,1.059291701,1.388888889,1.14822335,1.041891892,1.015768725,0.89066636,,69.2
1979-03-01,50082.62,0.86,222.1,166,4602,16428,0.112,1.08660108,1.388888889,1.254822335,1.039312039,1.015768725,0.89066636,,69.9
1979-04-01,50733.03,0.86,228.8,159.44,4602,16428,0.11,1.113699228,1.388888889,1.32284264,0.958722359,1.015768725,0.89066636,,70.6
1979-05-01,51391.04,0.86,236.1,157.96,4602,16428,0.103,1.141114015,1.388888889,1.396954315,0.940540541,1.015768725,0.89066636,,71.4
1979-06-01,52041.45,0.86,229.6,152.88,4602,16428,0.099,1.168212162,1.388888889,1.330964467,0.878132678,1.015768725,0.89066636,,72.2
1979-07-01,52624.66,0.86,228.3,150.66,4602,16428,0.106,1.192510544,1.388888889,1.317766497,0.850859951,1.015768725,0.89066636,,73
1979-08-01,53154.62,0.86,217.1,143.78,4602,16428,0.097,1.214590361,1.388888889,1.204060914,0.766339066,1.015768725,0.89066636,,73.7
1979-09-01,53604.71,0.86,222.7,143.46,4602,16428,0.094,1.233342541,1.388888889,1.260913706,0.762407862,1.015768725,0.89066636,,74.4
1979-10-01,54080.15,0.86,220.5,142.09,4602,16428,0.097,1.253150882,1.388888889,1.23857868,0.745577396,1.015768725,0.89066636,,75.2
1979-11-01,54468.12,0.86,222.4,139.87,4602,16428,0.097,1.269314945,1.388888889,1.25786802,0.718304668,1.015768725,0.89066636,,76
1979-12-01,54796.49,0.86,228.6,144.21,4602,16428,0.101,1.282995882,1.388888889,1.320812183,0.771621622,1.015768725,0.89066636,,76.9
1980-01-01,55074.15,1.19,230.5,143.15,4790,17701,0.099,1.29456408,2.305555556,1.340101523,0.758599509,1.098116513,1.037173438,,78
1980-02-01,55392.38,1.19,230.8,140.93,4790,17701,0.101,1.307822553,2.305555556,1.343147208,0.731326781,1.098116513,1.037173438,,79
1980-03-01,55865.29,1.19,232.2,141.03,4790,17701,0.102,1.327525486,2.305555556,1.357360406,0.732555283,1.098116513,1.037173438,,80.1
1980-04-01,56388.91,1.19,229.3,135.21,4790,17701,0.113,1.349341159,2.305555556,1.327918782,0.661056511,1.098116513,1.037173438,,80.9
1980-05-01,56788.28,1.19,226.5,130.77,4790,17701,0.114,1.365980182,2.305555556,1.299492386,0.606511057,1.098116513,1.037173438,,81.7
1980-06-01,57133.14,1.19,226.7,131.62,4790,17701,0.112,1.380348146,2.305555556,1.301522843,0.616953317,1.098116513,1.037173438,,82.5
1980-07-01,57529.97,1.19,233.8,144.1,4790,17701,0.113,1.396881345,2.305555556,1.373604061,0.77027027,1.098116513,1.037173438,,82.6
1980-08-01,57865.95,1.19,238.1,154.15,4790,17701,0.113,1.410879339,2.305555556,1.417258883,0.893734644,1.098116513,1.037173438,,83.2
1980-09-01,58147.42,1.19,240.7,159.44,4790,17701,0.117,1.422606273,2.305555556,1.443654822,0.958722359,1.098116513,1.037173438,,83.9
1980-10-01,58387.04,1.19,237.5,161.66,4790,17701,0.113,1.432589604,2.305555556,1.411167513,0.985995086,1.098116513,1.037173438,,84.7
1980-11-01,58621.59,1.19,238.2,165.37,4790,17701,0.116,1.442361702,2.305555556,1.418274112,1.031572482,1.098116513,1.037173438,,85.6
1980-12-01,58853.61,1.19,238.8,162.72,4790,17701,0.114,1.452028393,2.305555556,1.424365482,0.999017199,1.098116513,1.037173438,,86.4
1981-01-01,59034.91,1.31,235.4,160.29,5053,18991,0.109,1.459581927,2.638888889,1.389847716,0.969164619,1.213315813,1.185637012,,87.2
1981-02-01,59272,1.31,233.5,157.01,5053,18991,0.108,1.469459849,2.638888889,1.370558376,0.928869779,1.213315813,1.185637012,,88
1981-03-01,59625.73,1.31,231.6,154.68,5053,18991,0.108,1.484197365,2.638888889,1.351269036,0.9002457,1.213315813,1.185637012,,88.6
1981-04-01,60156.96,1.31,227,150.98,5053,18991,0.109,1.506330095,2.638888889,1.304568528,0.854791155,1.213315813,1.185637012,,89.1
1981-05-01,60575.35,1.31,230.3,153.3,5053,18991,0.11,1.523761552,2.638888889,1.338071066,0.883292383,1.213315813,1.185637012,,89.7
1981-06-01,60967.12,1.31,234.8,155.1,5053,18991,0.108,1.540083935,2.638888889,1.383756345,0.905405405,1.213315813,1.185637012,,90.5
1981-07-01,61280.27,1.31,238.8,163.88,5053,18991,0.123,1.553130759,2.638888889,1.424365482,1.013267813,1.213315813,1.185637012,,91.5
1981-08-01,61594.7,1.31,238.6,167.27,5053,18991,0.12,1.566230911,2.638888889,1.422335025,1.054914005,1.213315813,1.185637012,,92.2
1981-09-01,61711.34,1.31,239.7,168.75,5053,18991,0.124,1.571090505,2.638888889,1.433502538,1.073095823,1.213315813,1.185637012,,93.1
1981-10-01,61795.02,1.31,237.4,169.7,5053,18991,0.13,1.574576879,2.638888889,1.410152284,1.084766585,1.213315813,1.185637012,,93.4
1981-11-01,61798.83,1.31,234.9,167.38,5053,18991,0.132,1.574735616,2.638888889,1.384771574,1.056265356,1.213315813,1.185637012,,93.8
1981-12-01,61848.27,1.31,234,166.53,5053,18991,0.125,1.576795443,2.638888889,1.375634518,1.045823096,1.213315813,1.185637012,,94.1
1982-01-01,61890.11,1.22,232.9,167.38,5436,20064,0.127,1.578538631,2.388888889,1.364467005,1.056265356,1.38107753,1.309126482,,94.4
1982-02-01,61990.27,1.22,234,170.02,5436,20064,0.121,1.582711615,2.388888889,1.375634518,1.088697789,1.38107753,1.309126482,,94.7
1982-03-01,61956.04,1.22,233,170.76,5436,20064,0.122,1.581285484,2.388888889,1.365482234,1.097788698,1.38107753,1.309126482,,94.7
1982-04-01,62037.18,1.22,236.3,172.45,5436,20064,0.129,1.584666034,2.388888889,1.398984772,1.118550369,1.38107753,1.309126482,,95
1982-05-01,62118.32,1.22,242.3,179.44,5436,20064,0.123,1.588046584,2.388888889,1.459898477,1.204422604,1.38107753,1.309126482,,95.9
1982-06-01,62113.25,1.22,250.3,185.57,5436,20064,0.123,1.587835352,2.388888889,1.541116751,1.27972973,1.38107753,1.309126482,,97
1982-07-01,62096.77,1.22,247.5,191.6,5436,20064,0.125,1.587148743,2.388888889,1.512690355,1.353808354,1.38107753,1.309126482,,97.5
1982-08-01,62068.88,1.22,242.7,194.14,5436,20064,0.126,1.585986757,2.388888889,1.463959391,1.385012285,1.38107753,1.309126482,,97.7
1982-09-01,62090.43,1.22,241.9,201.34,5436,20064,0.118,1.586884598,2.388888889,1.455837563,1.473464373,1.38107753,1.309126482,,97.7
1982-10-01,62091.7,1.22,234.6,201.97,5436,20064,0.113,1.586937511,2.388888889,1.381725888,1.481203931,1.38107753,1.309126482,,98.1
1982-11-01,62095.5,1.22,233.1,197.85,5436,20064,0.109,1.587095831,2.388888889,1.366497462,1.430589681,1.38107753,1.309126482,,98
1982-12-01,62200.73,1.22,231.7,194.14,5436,20064,0.109,1.591480047,2.388888889,1.352284264,1.385012285,1.38107753,1.309126482,,97.7
1983-01-01,62408.66,1.16,232.9,195.73,5614,20986,0.111,1.600143071,2.222222222,1.364467005,1.404545455,1.459045116,1.415237657,,97.9
1983-02-01,62733.23,1.16,234.6,193.93,5614,20986,0.111,1.613665689,2.222222222,1.381725888,1.382432432,1.459045116,1.415237657,,98
1983-03-01,62993.14,1.16,234.1,191.18,5614,20986,0.106,1.624494365,2.222222222,1.376649746,1.348648649,1.459045116,1.415237657,,98.1
1983-04-01,63317.71,1.16,240.3,183.99,5614,20986,0.103,1.638016983,2.222222222,1.439593909,1.26031941,1.459045116,1.415237657,,98.8
1983-05-01,63635.94,1.16,242.5,181.02,5614,20986,0.099,1.651275456,2.222222222,1.461928934,1.223832924,1.459045116,1.415237657,,99.2
1983-06-01,63947.83,1.16,240,177.96,5614,20986,0.091,1.664269784,2.222222222,1.436548223,1.186240786,1.459045116,1.415237657,,99.4
1983-07-01,64312.97,1.16,237.9,176.26,5614,20986,0.096,1.679482677,2.222222222,1.415228426,1.165356265,1.459045116,1.415237657,,99.8
1983-08-01,64598.24,1.16,234.5,175.31,5614,20986,0.092,1.691367931,2.222222222,1.38071066,1.153685504,1.459045116,1.415237657,,100.1
1983-09-01,64770.67,1.16,230.7,173.41,5614,20986,0.096,1.698551913,2.222222222,1.34213198,1.13034398,1.459045116,1.415237657,,100.4
1983-10-01,64892.38,1.16,227.9,171.71,5614,20986,0.097,1.703622738,2.222222222,1.313705584,1.109459459,1.459045116,1.415237657,,100.8
1983-11-01,64981.13,1.16,227.2,168.22,5614,20986,0.103,1.707320345,2.222222222,1.306598985,1.066584767,1.459045116,1.415237657,,101.1
1983-12-01,65151.02,1.16,226.4,167.27,5614,20986,0.101,1.714398502,2.222222222,1.298477157,1.054914005,1.459045116,1.415237657,,101.4
1984-01-01,65341.2,1.13,235.2,171.61,5774,22438,0.1,1.722322006,2.138888889,1.387817259,1.108230958,1.52912834,1.582345494,,102.1
1984-02-01,65551.66,1.13,239.8,172.35,5774,22438,0.117,1.731090438,2.138888889,1.434517766,1.117321867,1.52912834,1.582345494,,102.6
1984-03-01,65850.88,1.13,240.4,168.65,5774,22438,0.115,1.743556894,2.138888889,1.440609137,1.071867322,1.52912834,1.582345494,,102.9
1984-04-01,66219.82,1.13,240.6,169.07,5774,22438,0.115,1.758928106,2.138888889,1.442639594,1.077027027,1.52912834,1.582345494,,103.3
1984-05-01,66636.94,1.13,237.8,167.8,5774,22438,0.111,1.776306651,2.138888889,1.414213198,1.061425061,1.52912834,1.582345494,,103.5
1984-06-01,67021.1,1.13,235.6,169.17,5774,22438,0.111,1.792311977,2.138888889,1.391878173,1.078255528,1.52912834,1.582345494,,103.7
1984-07-01,67391.31,1.13,232.3,171.61,5774,22438,0.116,1.807736102,2.138888889,1.358375635,1.108230958,1.52912834,1.582345494,,104.1
1984-08-01,67714.61,1.13,233.1,175.73,5774,22438,0.118,1.821205807,2.138888889,1.366497462,1.158845209,1.52912834,1.582345494,,104.4
1984-09-01,67914.94,1.13,231.2,173.09,5774,22438,0.118,1.829552192,2.138888889,1.347208122,1.126412776,1.52912834,1.582345494,,104.7
1984-10-01,68040.45,1.13,230.9,173.41,5774,22438,0.117,1.834781337,2.138888889,1.344162437,1.13034398,1.52912834,1.582345494,,105.1
1984-11-01,68050.6,1.13,232.6,171.82,5774,22438,0.109,1.835204218,2.138888889,1.36142132,1.110810811,1.52912834,1.582345494,,105.3
1984-12-01,68197.67,1.13,236.2,172.98,5774,22438,0.112,1.841331622,2.138888889,1.397969543,1.125061425,1.52912834,1.582345494,,105.5
1985-01-01,68432.22,1.12,235.6,175.63,6132,23615,0.103,1.85110372,2.111111111,1.391878173,1.157616708,1.685939553,1.71780412,,105.7
1985-02-01,68742.84,1.12,234.6,175.2,6132,23615,0.091,1.864045136,2.111111111,1.381725888,1.152334152,1.685939553,1.71780412,,106.3
1985-03-01,69134.61,1.12,234.5,174.25,6132,23615,0.087,1.880367519,2.111111111,1.38071066,1.140663391,1.685939553,1.71780412,,106.8
1985-04-01,69604.98,1.12,232.8,168.54,6132,23615,0.099,1.899964628,2.111111111,1.363451777,1.070515971,1.685939553,1.71780412,,107
1985-05-01,70137.48,1.12,230.4,167.9,6132,23615,0.111,1.92215027,2.111111111,1.339086294,1.062653563,1.685939553,1.71780412,,107.2
1985-06-01,70642.08,1.12,228.1,167.06,6132,23615,0.096,1.943173509,2.111111111,1.315736041,1.052334152,1.685939553,1.71780412,,107.5
1985-07-01,71147.95,1.12,226.7,161.7,6132,23615,0.091,1.964249661,2.111111111,1.301522843,0.986486486,1.685939553,1.71780412,,107.7
1985-08-01,71638.61,1.12,221.7,171.08,6132,23615,0.082,1.984692115,2.111111111,1.250761421,1.101719902,1.685939553,1.71780412,,107.9
1985-09-01,72102.64,1.12,219.8,171.18,6132,23615,0.073,2.00402508,2.111111111,1.231472081,1.102948403,1.685939553,1.71780412,,108.1
1985-10-01,72510.89,1.12,220.4,169.28,6132,23615,0.091,2.021034072,2.111111111,1.237563452,1.07960688,1.685939553,1.71780412,,108.5
1985-11-01,72907.73,1.12,226,171.82,6132,23615,0.09,2.037567687,2.111111111,1.294416244,1.110810811,1.685939553,1.71780412,,109
1985-12-01,73295.69,1.12,232.9,176.16,6132,23615,0.086,2.053731333,2.111111111,1.364467005,1.164127764,1.685939553,1.71780412,,109.5
1986-01-01,73735.64,0.86,232.9,178.8,6465,24855,0.086,2.072061048,1.388888889,1.364467005,1.196560197,1.831800263,1.860513293,,109.9
1986-02-01,74171.78,0.86,228.5,178.06,6465,24855,0.093,2.090232026,1.388888889,1.319796954,1.187469287,1.831800263,1.860513293,,109.7
1986-03-01,74730.9,0.86,226.4,175.42,6465,24855,0.099,2.113526742,1.388888889,1.298477157,1.155036855,1.831800263,1.860513293,,109.1
1986-04-01,75419.34,0.86,223.1,171.61,6465,24855,0.097,2.14220934,1.388888889,1.264974619,1.108230958,1.831800263,1.860513293,,108.7
1986-05-01,76136.94,0.86,222.9,171.71,6465,24855,0.093,2.172106836,1.388888889,1.262944162,1.109459459,1.831800263,1.860513293,,109
1986-06-01,76893.85,0.86,222.7,176.16,6465,24855,0.094,2.203642112,1.388888889,1.260913706,1.164127764,1.831800263,1.860513293,,109.4
1986-07-01,77657.1,0.86,223.5,194.04,6465,24855,0.093,2.235441532,1.388888889,1.269035533,1.383783784,1.831800263,1.860513293,,109.5
1986-08-01,78330.33,0.86,226.3,201.34,6465,24855,0.09,2.263490433,1.388888889,1.297461929,1.473464373,1.831800263,1.860513293,,109.6
1986-09-01,78912.27,0.86,227.1,205.68,6465,24855,0.072,2.287735902,1.388888889,1.305583756,1.526781327,1.831800263,1.860513293,,110
1986-10-01,79354.75,0.86,227.3,206.2,6465,24855,0.084,2.306171025,1.388888889,1.307614213,1.533169533,1.831800263,1.860513293,,110.2
1986-11-01,79751.59,0.86,229.8,203.67,6465,24855,0.088,2.32270464,1.388888889,1.332994924,1.502088452,1.831800263,1.860513293,,110.4
1986-12-01,80338.6,0.86,230.8,202.4,6465,24855,0.07,2.347161342,1.388888889,1.343147208,1.486486486,1.831800263,1.860513293,,110.8
1987-01-01,80829.26,0.9,232.6,199.01,6994,26055,0.097,2.367603797,1.5,1.36142132,1.444840295,2.063512922,1.998618943,,111.4
1987-02-01,81336.4,0.9,229.6,196.36,6994,26055,0.085,2.38873286,1.5,1.330964467,1.412285012,2.063512922,1.998618943,,111.8
1987-03-01,81762.4,0.9,229.6,191.82,6994,26055,0.085,2.406481374,1.5,1.330964467,1.356511057,2.063512922,1.998618943,,112.2
1987-04-01,82402.66,0.9,232.8,189.28,6994,26055,0.045,2.43315664,1.5,1.363451777,1.325307125,2.063512922,1.998618943,,112.7
1987-05-01,83131.67,0.9,239.3,194.35,6994,26055,0.082,2.463529513,1.5,1.429441624,1.387592138,2.063512922,1.998618943,,113
1987-06-01,83979.87,0.9,245.2,198.48,6994,26055,0.077,2.49886822,1.5,1.489340102,1.438329238,2.063512922,1.998618943,,113.5
1987-07-01,84694.93,0.9,244,204.83,6994,26055,0.075,2.528659891,1.5,1.47715736,1.516339066,2.063512922,1.998618943,,113.8
1987-08-01,85303.5,0.9,241.2,207.58,6994,26055,0.072,2.554014851,1.5,1.448730964,1.55012285,2.063512922,1.998618943,,114.3
1987-09-01,85753.59,0.9,241.3,208.32,6994,26055,0.076,2.572767031,1.5,1.449746193,1.559213759,2.063512922,1.998618943,,114.7
1987-10-01,86107.32,0.9,241.5,205.68,6994,26055,0.083,2.587504546,1.5,1.45177665,1.526781327,2.063512922,1.998618943,,115
1987-11-01,86349.48,0.9,242.4,200.17,6994,26055,0.085,2.597593702,1.5,1.460913706,1.459090909,2.063512922,1.998618943,,115.4
1987-12-01,86667.71,0.9,241.1,196.36,6994,26055,0.087,2.610852174,1.5,1.447715736,1.412285012,2.063512922,1.998618943,,115.6
1988-01-01,86968.19,0.9,238.8,196.05,7166,27291,0.081,2.623371126,1.5,1.424365482,1.408476658,2.138852387,2.140867764,,116
1988-02-01,87390.38,0.9,242.1,193.72,7166,27291,0.086,2.640960903,1.5,1.45786802,1.37985258,2.138852387,2.140867764,,116.2
1988-03-01,87906.4,0.9,244.3,193.93,7166,27291,0.082,2.662459936,1.5,1.480203046,1.382432432,2.138852387,2.140867764,,116.5
1988-04-01,88493.41,0.9,245.9,193.51,7166,27291,0.088,2.686916637,1.5,1.496446701,1.377272727,2.138852387,2.140867764,,117.2
1988-05-01,89278.21,0.9,248.9,194.25,7166,27291,0.084,2.719613899,1.5,1.526903553,1.386363636,2.138852387,2.140867764,,117.5
1988-06-01,90113.73,0.9,255.5,198.8,7166,27291,0.084,2.754424317,1.5,1.593908629,1.442260442,2.138852387,2.140867764,,118
1988-07-01,90897.26,0.9,254.9,198.27,7166,27291,0.086,2.787068666,1.5,1.587817259,1.435749386,2.138852387,2.140867764,,118.5
1988-08-01,91531.18,0.9,253.4,196.26,7166,27291,0.084,2.813479788,1.5,1.572588832,1.411056511,2.138852387,2.140867764,,119
1988-09-01,92024.38,0.9,255.3,195.62,7166,27291,0.089,2.834028067,1.5,1.591878173,1.403194103,2.138852387,2.140867764,,119.5
1988-10-01,92338.8,0.9,253.4,192.13,7166,27291,0.086,2.847127803,1.5,1.572588832,1.36031941,2.138852387,2.140867764,,119.9
1988-11-01,92646.89,0.9,256,188.32,7166,27291,0.084,2.859963811,1.5,1.598984772,1.313513514,2.138852387,2.140867764,,120.3
1988-12-01,92915.67,0.9,255.6,187.69,7166,27291,0.083,2.87116204,1.5,1.594923858,1.305773956,2.138852387,2.140867764,,120.7
1989-01-01,93342.94,1,259.2,191.6,7226,28925,0.085,2.888963466,1.777777778,1.631472081,1.353808354,2.165133596,2.328921625,,121.2
1989-02-01,93786.69,1,258.2,189.7,7226,28925,0.09,2.907451501,1.777777778,1.621319797,1.33046683,2.165133596,2.328921625,,121.6
1989-03-01,94347.08,1,264.7,190.12,7226,28925,0.095,2.930799129,1.777777778,1.687309645,1.335626536,2.165133596,2.328921625,,122.2
1989-04-01,94927.75,1,265.3,189.91,7226,28925,0.084,2.954991686,1.777777778,1.693401015,1.333046683,2.165133596,2.328921625,,123.1
1989-05-01,95471.66,1,266.7,187.37,7226,28925,0.081,2.977652705,1.777777778,1.707614213,1.301842752,2.165133596,2.328921625,,123.7
1989-06-01,95978.8,1,268.9,189.49,7226,28925,0.082,2.998781769,1.777777778,1.729949239,1.327886978,2.165133596,2.328921625,,124.1
1989-07-01,96417.48,1,269.7,193.4,7226,28925,0.082,3.017058571,1.777777778,1.738071066,1.375921376,2.165133596,2.328921625,,124.5
1989-08-01,96710.35,1,268.2,195.31,7226,28925,0.076,3.029260466,1.777777778,1.72284264,1.399385749,2.165133596,2.328921625,,124.5
1989-09-01,96897.99,1,266.2,195.1,7226,28925,0.081,3.037078145,1.777777778,1.702538071,1.396805897,2.165133596,2.328921625,,124.8
1989-10-01,96981.67,1,265,196.58,7226,28925,0.085,3.040564519,1.777777778,1.69035533,1.414987715,2.165133596,2.328921625,,125.4
1989-11-01,97020.97,1,266.4,200.6,7226,28925,0.086,3.042201882,1.777777778,1.704568528,1.464373464,2.165133596,2.328921625,,125.9
1989-12-01,96989.28,1,269.4,202.29,7226,28925,0.078,3.040881576,1.777777778,1.735025381,1.485135135,2.165133596,2.328921625,,126.3
1990-01-01,97024.78,1.15,274.4,206.42,7256,29781,0.08,3.042360619,2.194444444,1.785786802,1.535872236,2.178274201,2.427436989,,127.5
1990-02-01,97100.85,1.15,271,207.9,7256,29781,0.086,3.045529937,2.194444444,1.751269036,1.554054054,2.178274201,2.427436989,,128
1990-03-01,97358.22,1.15,272.5,208.43,7256,29781,0.083,3.056252789,2.194444444,1.766497462,1.560565111,2.178274201,2.427436989,,128.6
1990-04-01,97676.45,1.15,277.9,212.55,7256,29781,0.088,3.069511262,2.194444444,1.821319797,1.611179361,2.178274201,2.427436989,,128.9
1990-05-01,98003.56,1.15,283.6,218.16,7256,29781,0.087,3.083139704,2.194444444,1.879187817,1.68009828,2.178274201,2.427436989,,129.1
1990-06-01,98263.47,1.15,282.1,230.75,7256,29781,0.086,3.09396838,2.194444444,1.863959391,1.834766585,2.178274201,2.427436989,,129.9
1990-07-01,98329.4,1.15,279.9,235.09,7256,29781,0.087,3.096715233,2.194444444,1.841624365,1.888083538,2.178274201,2.427436989,,130.5
1990-08-01,98224.16,1.15,280.6,237.94,7256,29781,0.081,3.092330601,2.194444444,1.848730964,1.923095823,2.178274201,2.427436989,,131.6
1990-09-01,97905.93,1.15,280.6,233.61,7256,29781,0.081,3.079072128,2.194444444,1.848730964,1.86990172,2.178274201,2.427436989,,132.5
1990-10-01,97505.29,1.15,282.7,236.15,7256,29781,0.078,3.062380192,2.194444444,1.870050761,1.901105651,2.178274201,2.427436989,,133.4
1990-11-01,96830.8,1.15,291.6,235.83,7256,29781,0.079,3.034278796,2.194444444,1.960406091,1.897174447,2.178274201,2.427436989,,133.7
1990-12-01,96312.25,1.15,295.3,236.15,7256,29781,0.088,3.012674355,2.194444444,1.997969543,1.901105651,2.178274201,2.427436989,,134.2
1991-01-01,96113,1.14,294.9,228.63,7359,30148,0.093,3.004372967,2.166666667,1.993908629,1.808722359,2.223390276,2.469674301,,134.7
1991-02-01,96478.23,1.14,292.5,228,7359,30148,0.088,3.019589609,2.166666667,1.969543147,1.800982801,2.223390276,2.469674301,,134.8
1991-03-01,96756.96,1.14,295.4,226.31,7359,30148,0.08,3.031202387,2.166666667,1.998984772,1.78022113,2.223390276,2.469674301,,134.8
1991-04-01,96737.73,1.14,297.1,223.98,7359,30148,0.086,3.030401204,2.166666667,2.016243655,1.751597052,2.223390276,2.469674301,,135.1
1991-05-01,96901.13,1.14,296.1,225.67,7359,30148,0.084,3.037208967,2.166666667,2.006091371,1.772358722,2.223390276,2.469674301,,135.6
1991-06-01,97400.91,1.14,292.4,227.05,7359,30148,0.089,3.05803139,2.166666667,1.968527919,1.789312039,2.223390276,2.469674301,,136
1991-07-01,97362.47,1.14,288.4,230.33,7359,30148,0.082,3.056429857,2.166666667,1.927918782,1.82960688,2.223390276,2.469674301,,136.2
1991-08-01,97324.02,1.14,285.4,226.62,7359,30148,0.086,3.054827908,2.166666667,1.897461929,1.784029484,2.223390276,2.469674301,,136.6
1991-09-01,97400.91,1.14,280.1,224.19,7359,30148,0.088,3.05803139,2.166666667,1.843654822,1.754176904,2.223390276,2.469674301,,137
1991-10-01,97621.97,1.14,277.2,219.75,7359,30148,0.093,3.067241452,2.166666667,1.814213198,1.69963145,2.223390276,2.469674301,,137.2
1991-11-01,98044.87,1.14,281,217,7359,30148,0.09,3.08486081,2.166666667,1.852791878,1.665847666,2.223390276,2.469674301,,137.8
1991-12-01,98189.04,1.14,279.4,212.55,7359,30148,0.097,3.09086739,2.166666667,1.836548223,1.611179361,2.223390276,2.469674301,,138.2
1992-01-01,98237.1,1.13,278.7,210.22,7714,30631,0.094,3.092869722,2.138888889,1.829441624,1.582555283,2.378887429,2.525261825,,138.3
1992-02-01,98881.05,1.13,282.5,211.39,7714,30631,0.098,3.119698725,2.138888889,1.868020305,1.596928747,2.378887429,2.525261825,,138.6
1992-03-01,98996.39,1.13,285.6,209.7,7714,30631,0.097,3.124504156,2.138888889,1.899492386,1.576167076,2.378887429,2.525261825,,139.1
1992-04-01,98909.89,1.13,287.6,205.46,7714,30631,0.099,3.120900291,2.138888889,1.919796954,1.524078624,2.378887429,2.525261825,,139.4
1992-05-01,99054.06,1.13,285.8,207.79,7714,30631,0.099,3.126906872,2.138888889,1.901522843,1.552702703,2.378887429,2.525261825,,139.7
1992-06-01,99371.23,1.13,287.1,208.53,7714,30631,0.101,3.140121182,2.138888889,1.914720812,1.561793612,2.378887429,2.525261825,,140.1
1992-07-01,99649.96,1.13,283.8,212.23,7714,30631,0.096,3.151733959,2.138888889,1.881218274,1.607248157,2.378887429,2.525261825,,140.5
1992-08-01,100207.41,1.13,280.1,212.02,7714,30631,0.097,3.174959097,2.138888889,1.843654822,1.604668305,2.378887429,2.525261825,,140.8
1992-09-01,100428.47,1.13,284.1,211.18,7714,30631,0.087,3.184169159,2.138888889,1.884263959,1.594348894,2.378887429,2.525261825,,141.1
1992-10-01,100620.7,1.13,285.6,209.91,7714,30631,0.08,3.192178072,2.138888889,1.899492386,1.578746929,2.378887429,2.525261825,,141.7
1992-11-01,100832.15,1.13,287.1,207.79,7714,30631,0.08,3.200987751,2.138888889,1.914720812,1.552702703,2.378887429,2.525261825,,142.1
1992-12-01,100428.47,1.13,287.3,207.69,7714,30631,0.106,3.184169159,2.138888889,1.916751269,1.551474201,2.378887429,2.525261825,,142.3
1993-01-01,100188.19,1.11,288.4,207.37,8345,31272,0.086,3.174158331,2.083333333,1.927918782,1.547542998,2.655278143,2.59903326,,142.8
1993-02-01,99909.46,1.11,292.5,205.15,8345,31272,0.089,3.162545553,2.083333333,1.969543147,1.52027027,2.655278143,2.59903326,,143.1
1993-03-01,100495.75,1.11,295.5,205.15,8345,31272,0.089,3.186972258,2.083333333,2,1.52027027,2.655278143,2.59903326,,143.3
1993-04-01,101312.71,1.08,299.1,202.5,8345,31272,0.087,3.221009407,2,2.036548223,1.487714988,2.655278143,2.59903326,,143.8
1993-05-01,101677.94,1.1,304.2,206.1,8345,31272,0.083,3.236226049,2.055555556,2.088324873,1.531941032,2.655278143,2.59903326,,144.2
1993-06-01,102446.85,1.1,297.9,207.9,8345,31272,0.078,3.268261283,2.055555556,2.024365482,1.554054054,2.655278143,2.59903326,,144.3
1993-07-01,102446.85,1.08,296.7,211.81,8345,31272,0.076,3.268261283,2,2.012182741,1.602088452,2.655278143,2.59903326,,144.5
1993-08-01,102927.41,1.06,290.9,210.22,8345,31272,0.077,3.28828294,1.944444444,1.953299492,1.582555283,2.655278143,2.59903326,,144.8
1993-09-01,103081.19,1.05,288.4,213.29,8345,31272,0.069,3.294689903,1.916666667,1.927918782,1.62027027,2.655278143,2.59903326,,145
1993-10-01,103196.53,1.09,288.5,212.87,8345,31272,0.063,3.299495334,2.027777778,1.92893401,1.615110565,2.655278143,2.59903326,,145.6
1993-11-01,103417.59,1.07,291,213.82,8345,31272,0.063,3.308705396,1.972222222,1.954314721,1.626781327,2.655278143,2.59903326,,146
1993-12-01,103590.59,1.01,288.2,212.76,8345,31272,0.091,3.315913126,1.805555556,1.925888325,1.613759214,2.655278143,2.59903326,,146.3
1994-01-01,103523.31,1,286.8,212.87,8595,32385,0.071,3.313110027,1.777777778,1.911675127,1.615110565,2.76478318,2.727126252,,146.3
1994-02-01,103667.48,1.01,284.9,211.49,8595,32385,0.065,3.319116607,1.805555556,1.892385787,1.598157248,2.76478318,2.727126252,,146.7
1994-03-01,104349.88,1.01,288.3,213.08,8595,32385,0.068,3.34754756,1.805555556,1.926903553,1.617690418,2.76478318,2.727126252,,147.1
1994-04-01,104878.51,1.03,287.1,210.22,8595,32385,0.064,3.369571965,1.861111111,1.914720812,1.582555283,2.76478318,2.727126252,,147.2
1994-05-01,105435.96,1.05,288.1,210.33,8595,32385,0.076,3.392797103,1.916666667,1.924873096,1.583906634,2.76478318,2.727126252,,147.5
1994-06-01,106012.64,1.08,283.3,210.54,8595,32385,0.069,3.416823424,2,1.876142132,1.586486486,2.76478318,2.727126252,,147.9
1994-07-01,106108.75,1.11,280.1,212.13,8595,32385,0.07,3.420827672,2.083333333,1.843654822,1.606019656,2.76478318,2.727126252,,148.4
1994-08-01,106416.31,1.16,278.4,210.65,8595,32385,0.065,3.433641599,2.222222222,1.826395939,1.587837838,2.76478318,2.727126252,,149
1994-09-01,106272.14,1.14,280,208.74,8595,32385,0.068,3.427635019,2.166666667,1.842639594,1.564373464,2.76478318,2.727126252,,149.3
1994-10-01,106368.26,1.11,277.9,208.74,8595,32385,0.071,3.431639684,2.083333333,1.821319797,1.564373464,2.76478318,2.727126252,,149.4
1994-11-01,106464.37,1.12,280.2,206.31,8595,32385,0.07,3.435643931,2.111111111,1.844670051,1.534520885,2.76478318,2.727126252,,149.8
1994-12-01,106156.81,1.13,279.4,199.33,8595,32385,0.072,3.422830005,2.138888889,1.836548223,1.448771499,2.76478318,2.727126252,,150.1
1995-01-01,106156.81,1.13,282.6,202.5,8839,34106,0.075,3.422830005,2.138888889,1.869035533,1.487714988,2.871660096,2.925192772,,150.5
1995-02-01,106627.76,1.12,284.3,200.91,8839,34106,0.078,3.442451278,2.111111111,1.886294416,1.468181818,2.871660096,2.925192772,,150.9
1995-03-01,106887.27,1.12,284.7,204.72,8839,34106,0.075,3.453263289,2.111111111,1.89035533,1.514987715,2.871660096,2.925192772,,151.2
1995-04-01,107348.61,1.16,283.7,201.65,8839,34106,0.069,3.472484179,2.222222222,1.880203046,1.477272727,2.871660096,2.925192772,,151.8
1995-05-01,107752.28,1.23,282.2,202.08,8839,34106,0.071,3.489302354,2.416666667,1.864974619,1.482555283,2.871660096,2.925192772,,152.1
1995-06-01,108511.58,1.24,283.4,199.96,8839,34106,0.067,3.520937205,2.444444444,1.87715736,1.456511057,2.871660096,2.925192772,,152.4
1995-07-01,109011.36,1.2,287.4,202.5,8839,34106,0.071,3.541759628,2.333333333,1.917766497,1.487714988,2.871660096,2.925192772,,152.6
1995-08-01,109338.15,1.17,284.4,208.74,8839,34106,0.067,3.555374737,2.25,1.887309645,1.564373464,2.871660096,2.925192772,,152.9
1995-09-01,109261.26,1.16,283.5,209.48,8839,34106,0.068,3.552171256,2.222222222,1.878172589,1.573464373,2.871660096,2.925192772,,153.1
1995-10-01,109117.09,1.13,285.3,214.14,8839,34106,0.071,3.546164675,2.138888889,1.896446701,1.630712531,2.871660096,2.925192772,,153.5
1995-11-01,109184.37,1.11,286.4,212.45,8839,34106,0.066,3.548967774,2.083333333,1.907614213,1.60995086,2.871660096,2.925192772,,153.7
1995-12-01,109318.93,1.12,284.1,213.93,8839,34106,0.061,3.554573971,2.111111111,1.884263959,1.628132678,2.871660096,2.925192772,,153.9
1996-01-01,109405.43,1.14,281.5,212.76,9223,35486,0.067,3.558177836,2.166666667,1.85786802,1.613759214,3.039859834,3.084014271,,154.7
1996-02-01,109520.76,1.14,278.8,220.28,9223,35486,0.067,3.56298285,2.166666667,1.830456853,1.706142506,3.039859834,3.084014271,,155
1996-03-01,110337.72,1.18,275.8,221.86,9223,35486,0.066,3.59702,2.277777778,1.8,1.725552826,3.039859834,3.084014271,,155.5
1996-04-01,110856.73,1.28,279.3,220.7,9223,35486,0.057,3.618643605,2.555555556,1.835532995,1.711302211,3.039859834,3.084014271,,156.1
1996-05-01,111423.8,1.32,276.6,225.99,9223,35486,0.067,3.642269543,2.666666667,1.808121827,1.776289926,3.039859834,3.084014271,,156.4
1996-06-01,111913.98,1.3,276.3,235.41,9223,35486,0.071,3.662692,2.611111111,1.805076142,1.892014742,3.039859834,3.084014271,,156.7
1996-07-01,112279.21,1.27,277.6,238.79,9223,35486,0.067,3.677908642,2.527777778,1.818274112,1.933538084,3.039859834,3.084014271,,157
1996-08-01,112298.43,1.25,281.1,244.82,9223,35486,0.066,3.678709408,2.472222222,1.853807107,2.007616708,3.039859834,3.084014271,,157.2
1996-09-01,112240.76,1.25,280.7,247.78,9223,35486,0.067,3.676306693,2.472222222,1.849746193,2.043980344,3.039859834,3.084014271,,157.7
1996-10-01,112125.43,1.25,281.9,246.51,9223,35486,0.064,3.671501678,2.472222222,1.861928934,2.028378378,3.039859834,3.084014271,,158.2
1996-11-01,112269.6,1.28,285.9,245.03,9223,35486,0.064,3.677508259,2.555555556,1.902538071,2.01019656,3.039859834,3.084014271,,158.7
1996-12-01,112269.6,1.28,287.3,244.61,9223,35486,0.064,3.677508259,2.555555556,1.916751269,2.005036855,3.039859834,3.084014271,,159.1
1997-01-01,112106.2,1.28,281.7,246.2,9915,37177,0.062,3.670700496,2.555555556,1.859898477,2.024570025,3.342969777,3.278628151,,159.4
1997-02-01,112375.32,1.28,278.6,244.72,9915,37177,0.062,3.68191289,2.555555556,1.828426396,2.006388206,3.342969777,3.278628151,,159.7
1997-03-01,113288.39,1.25,276.1,242.18,9915,37177,0.064,3.719954287,2.472222222,1.803045685,1.975184275,3.342969777,3.278628151,,159.8
1997-04-01,113740.12,1.24,279,239.64,9915,37177,0.065,3.738774794,2.444444444,1.83248731,1.943980344,3.342969777,3.278628151,,159.9
1997-05-01,114528.25,1.25,280.3,242.28,9915,37177,0.068,3.771610794,2.472222222,1.845685279,1.976412776,3.342969777,3.278628151,,159.9
1997-06-01,114951.15,1.24,277.6,247.25,9915,37177,0.066,3.789230152,2.444444444,1.818274112,2.037469287,3.342969777,3.278628151,,160.2
1997-07-01,115229.88,1.22,279.2,246.2,9915,37177,0.061,3.800842929,2.388888889,1.834517766,2.024570025,3.342969777,3.278628151,,160.4
1997-08-01,115633.55,1.27,281,249.69,9915,37177,0.06,3.817661104,2.527777778,1.852791878,2.067444717,3.342969777,3.278628151,,160.8
1997-09-01,115441.32,1.28,283,248.31,9915,37177,0.062,3.809652192,2.555555556,1.873096447,2.0504914,3.342969777,3.278628151,,161.2
1997-10-01,115806.55,1.24,279,248.52,9915,37177,0.062,3.824868834,2.444444444,1.83248731,2.053071253,3.342969777,3.278628151,,161.5
1997-11-01,115969.95,1.22,278,244.72,9915,37177,0.064,3.831676597,2.388888889,1.822335025,2.006388206,3.342969777,3.278628151,,161.7
1997-12-01,116008.39,1.18,280.9,239.95,9915,37177,0.064,3.83327813,2.277777778,1.85177665,1.947788698,3.342969777,3.278628151,,161.8
1998-01-01,116181.39,1.13,275.3,248.42,10157,38967,0.074,3.840485859,2.138888889,1.794923858,2.051842752,3.378449409,3.484635746,,162
1998-02-01,116988.74,1.1,272,248.1,10157,38967,0.074,3.874122626,2.055555556,1.76142132,2.047911548,3.378449409,3.484635746,,162
1998-03-01,117824.93,1.06,273.1,240.4,10157,38967,0.075,3.908960958,1.944444444,1.772588832,1.953316953,3.378449409,3.484635746,,162
1998-04-01,118651.5,1.08,278.2,235.6,10157,38967,0.072,3.94339849,2,1.824365482,1.894348894,3.378449409,3.484635746,,162.2
1998-05-01,119535.74,1.11,277.4,240.6,10157,38967,0.069,3.980238738,2.083333333,1.816243655,1.955773956,3.378449409,3.484635746,,162.6
1998-06-01,120689.09,1.1,278.7,243.1,10157,38967,0.068,4.028290964,2.055555556,1.829441624,1.986486486,3.378449409,3.484635746,,162.8
1998-07-01,120958.21,1.09,278.5,245.1,10157,38967,0.069,4.039503358,2.027777778,1.827411168,2.011056511,3.378449409,3.484635746,,163.2
1998-08-01,121400.33,1.07,279.4,245,10157,38967,0.068,4.057923482,1.972222222,1.836548223,2.00982801,3.378449409,3.484635746,,163.4
1998-09-01,121861.67,1.05,274.2,244.7,10157,38967,0.064,4.077144372,1.916666667,1.783756345,2.006142506,3.378449409,3.484635746,,163.5
1998-10-01,122111.57,1.06,275,242.2,10157,38967,0.062,4.087556001,1.944444444,1.791878173,1.975429975,3.378449409,3.484635746,,163.9
1998-11-01,122640.19,1.04,280,241,10157,38967,0.063,4.109579989,1.888888889,1.842639594,1.960687961,3.378449409,3.484635746,,164.1
1998-12-01,122851.64,0.99,283.6,238.1,10157,38967,0.058,4.118389668,1.75,1.879187817,1.925061425,3.378449409,3.484635746,,164.4
1999-01-01,123303.37,0.98,279.1,233.4,10136,40750,0.064,4.137210175,1.722222222,1.833502538,1.867321867,3.378449409,3.689837726,,164.7
1999-02-01,123755.1,0.96,278,236.9,10136,40750,0.063,4.156030682,1.666666667,1.822335025,1.91031941,3.378449409,3.689837726,,164.7
1999-03-01,124783.51,1.02,276.9,237.1,10136,40750,0.06,4.198877511,1.833333333,1.811167513,1.912776413,3.378449409,3.689837726,,164.8
1999-04-01,125715.8,1.17,283.9,234.8,10136,40750,0.05,4.237719674,2.25,1.882233503,1.884520885,3.378449409,3.689837726,,165.9
1999-05-01,126936.44,1.17,283.2,239.2,10136,40750,0.048,4.288575415,2.25,1.875126904,1.938574939,3.378449409,3.689837726,,166
1999-06-01,127936.01,1.15,287.2,241.2,10136,40750,0.047,4.330220677,2.194444444,1.915736041,1.963144963,3.378449409,3.689837726,,166
1999-07-01,128599.19,1.2,289.3,244.3,10136,40750,0.048,4.357850863,2.333333333,1.937055838,2.001228501,3.378449409,3.689837726,,166.7
1999-08-01,129281.6,1.26,289,246.8,10136,40750,0.047,4.386282232,2.5,1.934010152,2.031941032,3.378449409,3.689837726,,167.1
1999-09-01,129358.49,1.3,289.36,248.15,10136,40750,0.041,4.389485714,2.611111111,1.937664975,2.048525799,3.378449409,3.689837726,,167.8
1999-10-01,129867.89,1.29,295.4,244.7,10136,40750,0.044,4.410708936,2.583333333,1.998984772,2.006142506,3.378449409,3.689837726,,168.1
1999-11-01,130069.72,1.29,300.01,244.67,10136,40750,0.046,4.419117816,2.583333333,2.045786802,2.005773956,3.378449409,3.689837726,,168.4
1999-12-01,130329.23,1.31,301.75,246.09,10136,40750,0.042,4.429929827,2.638888889,2.063451777,2.023218673,3.378449409,3.689837726,,168.8
2000-01-01,131626.75,1.33,294.73,245.68,9990,42233,0.05,4.483988633,2.694444444,1.992182741,2.018181818,3.342969777,3.860513293,,169.3
2000-02-01,131386.47,1.42,293.64,250.97,9990,42233,0.045,4.473977804,2.944444444,1.981116751,2.083169533,3.342969777,3.860513293,,170
2000-03-01,132905.06,1.56,297.88,252.81,9990,42233,0.043,4.537247089,3.333333333,2.024162437,2.105773956,3.342969777,3.860513293,,171
2000-04-01,134154.53,1.51,305.4,255.5,9990,42233,0.048,4.589303979,3.194444444,2.100507614,2.138820639,3.342969777,3.860513293,,170.9
2000-05-01,135230.99,1.53,308.78,256.23,9990,42233,0.048,4.634152723,3.25,2.134822335,2.147788698,3.342969777,3.860513293,,171.2
2000-06-01,136595.8,1.67,311.54,260.32,9990,42233,0.048,4.691015044,3.638888889,2.16284264,2.198034398,3.342969777,3.860513293,,172.2
2000-07-01,137287.81,1.59,309.99,262.29,9990,42233,0.051,4.71984638,3.416666667,2.147106599,2.222235872,3.342969777,3.860513293,,172.7
2000-08-01,137710.71,1.51,309.92,265.63,9990,42233,0.052,4.737465737,3.194444444,2.146395939,2.263267813,3.342969777,3.860513293,,172.7
2000-09-01,138297,1.59,313.01,265,9990,42233,0.045,4.761892442,3.416666667,2.177766497,2.255528256,3.342969777,3.860513293,,173.6
2000-10-01,138729.5,1.57,311.82,262.14,9990,42233,0.048,4.779911766,3.361111111,2.165685279,2.22039312,3.342969777,3.860513293,,173.9
2000-11-01,139171.62,1.56,310.28,259.28,9990,42233,0.047,4.79833189,3.333333333,2.150050761,2.185257985,3.342969777,3.860513293,,174.2
2000-12-01,139604.13,1.48,310.07,262.54,9990,42233,0.044,4.816351631,3.111111111,2.147918782,2.225307125,3.342969777,3.860513293,,174.6
2001-01-01,140200.03,1.49,321.35,260.6,9996,42629,0.049,4.841178718,3.138888889,2.262436548,2.201474201,3.378449409,3.906088157,,175.6
2001-02-01,141113.11,1.49,334.21,261.54,9996,42629,0.05,4.879220532,3.138888889,2.392994924,2.213022113,3.378449409,3.906088157,,176
2001-03-01,142381.8,1.45,334.3,265.42,9996,42629,0.053,4.932078188,3.027777778,2.393908629,2.260687961,3.378449409,3.906088157,,176.1
2001-04-01,143612.04,1.59,343.2,263.33,9996,42629,0.051,4.983333896,3.416666667,2.484263959,2.235012285,3.378449409,3.906088157,,176.4
2001-05-01,144784.62,1.74,343.82,266.95,9996,42629,0.045,5.032187304,3.833333333,2.490558376,2.279484029,3.378449409,3.906088157,,177.3
2001-06-01,145986.04,1.66,347.64,270.89,9996,42629,0.044,5.082242279,3.611111111,2.529340102,2.327886978,3.378449409,3.906088157,,177.7
2001-07-01,146812.61,1.47,345.4,270.47,9996,42629,0.056,5.116679811,3.083333333,2.506598985,2.322727273,3.378449409,3.906088157,,177.4
2001-08-01,147360.45,1.46,339.33,276.33,9996,42629,0.066,5.139504566,3.055555556,2.444974619,2.394717445,3.378449409,3.906088157,,177.4
2001-09-01,147879.46,1.56,337.63,278.08,9996,42629,0.07,5.161128172,3.333333333,2.427715736,2.416216216,3.378449409,3.906088157,,178.1
2001-10-01,148446.53,1.36,337.97,276.43,9996,42629,0.031,5.18475411,2.777777778,2.431167513,2.395945946,3.378449409,3.906088157,,177.6
2001-11-01,148417.69,1.21,337.63,271.26,9996,42629,0.035,5.183552544,2.361111111,2.427715736,2.332432432,3.378449409,3.906088157,,177.5
2001-12-01,148927.09,1.13,330.33,271.45,9996,42629,0.038,5.204775767,2.138888889,2.353604061,2.334766585,3.378449409,3.906088157,,177.4
2002-01-01,149426.88,1.15,330.79,270.75,10244,42802,0.057,5.225598606,2.194444444,2.358274112,2.326167076,3.487078406,3.925998389,,177.7
2002-02-01,150301.51,1.16,330.46,271.72,10244,42802,0.055,5.262038471,2.222222222,2.354923858,2.338083538,3.487078406,3.925998389,,178
2002-03-01,151772.04,1.29,329.76,270.3,10244,42802,0.056,5.323305423,2.583333333,2.347817259,2.320638821,3.487078406,3.925998389,,178.5
2002-04-01,153021.51,1.44,333.5,266.69,10244,42802,0.055,5.375362313,3,2.385786802,2.276289926,3.487078406,3.925998389,,179.3
2002-05-01,154684.26,1.43,333.54,269.88,10244,42802,0.062,5.444637762,2.972222222,2.386192893,2.315479115,3.487078406,3.925998389,,179.5
2002-06-01,156193.24,1.42,329.96,266.62,10244,42802,0.062,5.507506663,2.944444444,2.349847716,2.275429975,3.487078406,3.925998389,,179.6
2002-07-01,157221.65,1.44,328.86,264.16,10244,42802,0.054,5.550353491,3,2.338680203,2.245208845,3.487078406,3.925998389,,180
2002-08-01,158086.66,1.44,334.5,266.6,10244,42802,0.054,5.586392556,3,2.395939086,2.275184275,3.487078406,3.925998389,,180.5
2002-09-01,158769.06,1.44,329.36,261.63,10244,42802,0.059,5.614823509,3,2.343756345,2.214127764,3.487078406,3.925998389,,180.8
2002-10-01,159509.13,1.49,325.81,260.95,10244,42802,0.058,5.645657176,3.138888889,2.307715736,2.205773956,3.487078406,3.925998389,,181.2
2002-11-01,159855.14,1.46,334.04,259.13,10244,42802,0.058,5.660073052,3.055555556,2.391269036,2.183415233,3.487078406,3.925998389,,181.5
2002-12-01,160499.1,1.43,337.76,260.59,10244,42802,0.054,5.686902472,2.972222222,2.429035533,2.201351351,3.487078406,3.925998389,,181.8
2003-01-01,161008.5,1.5,339.75,258.17,10655,43588,0.054,5.708125694,3.166666667,2.449238579,2.171621622,3.667104687,4.01645759,,182.6
2003-02-01,162075.35,1.66,347.95,262.61,10655,43588,0.053,5.752574055,3.611111111,2.53248731,2.226167076,3.667104687,4.01645759,,183.6
2003-03-01,163199.87,1.73,356.77,261.83,10655,43588,0.05,5.799425131,3.805555556,2.622030457,2.216584767,3.667104687,4.01645759,,183.9
2003-04-01,164708.85,1.63,364.8,263.85,10655,43588,0.051,5.862294033,3.527777778,2.703553299,2.241400491,3.667104687,4.01645759,,183.2
2003-05-01,166342.77,1.54,361.38,258.46,10655,43588,0.055,5.930368332,3.277777778,2.668832487,2.175184275,3.667104687,4.01645759,,182.9
2003-06-01,167697.96,1.53,365.56,264.42,10655,43588,0.053,5.986829853,3.25,2.711269036,2.248402948,3.667104687,4.01645759,,183.1
2003-07-01,168995.49,1.55,365.38,266.33,10655,43588,0.061,6.040889076,3.305555556,2.709441624,2.271867322,3.667104687,4.01645759,,183.7
2003-08-01,170091.18,1.66,373.47,270.64,10655,43588,0.059,6.086539002,3.611111111,2.791573604,2.324815725,3.667104687,4.01645759,,184.5
2003-09-01,171138.81,1.72,370.85,272.6,10655,43588,0.051,6.130186597,3.777777778,2.764974619,2.348894349,3.667104687,4.01645759,,185.1
2003-10-01,171705.87,1.61,393.31,270.46,10655,43588,0.053,6.153812118,3.472222222,2.992994924,2.322604423,3.667104687,4.01645759,,184.9
2003-11-01,172436.33,1.56,431.72,272.17,10655,43588,0.053,6.184245403,3.333333333,3.382944162,2.343611794,3.667104687,4.01645759,,185
2003-12-01,173272.52,1.52,424.3,268.01,10655,43588,0.052,6.219083735,3.222222222,3.307614213,2.292506143,3.667104687,4.01645759,,185.5
2004-01-01,173772.3,1.61,400.52,269.29,11352,44411,0.049,6.239906158,3.472222222,3.066192893,2.308230958,3.922908454,4.111175049,,186.3
2004-02-01,175252.44,1.69,398.89,269.05,11352,44411,0.049,6.301573493,3.694444444,3.04964467,2.305282555,3.922908454,4.111175049,,186.7
2004-03-01,177184.32,1.78,397.08,269.6,11352,44411,0.047,6.382061752,3.944444444,3.031269036,2.312039312,3.922908454,4.111175049,,187.1
2004-04-01,179279.58,1.84,405.67,271.33,11352,44411,0.051,6.469356941,4.111111111,3.118477157,2.333292383,3.922908454,4.111175049,,187.4
2004-05-01,181826.57,2.02,405.49,276.23,11352,44411,0.051,6.575472637,4.611111111,3.116649746,2.393488943,3.922908454,4.111175049,,188.2
2004-06-01,184306.29,2.01,417.29,282.97,11352,44411,0.056,6.678785652,4.583333333,3.236446701,2.476289926,3.922908454,4.111175049,,188.9
2004-07-01,185834.49,1.95,417.9,284.74,11352,44411,0.05,6.742455319,4.416666667,3.242639594,2.498034398,3.922908454,4.111175049,,189.1
2004-08-01,187074.34,1.92,411.3,288.55,11352,44411,0.05,6.79411141,4.333333333,3.175634518,2.544840295,3.922908454,4.111175049,,189.2
2004-09-01,188121.97,1.91,408.22,289.76,11352,44411,0.044,6.837759004,4.305555556,3.144365482,2.55970516,3.922908454,4.111175049,,189.8
2004-10-01,188996.6,2.04,402.06,288.73,11352,44411,0.043,6.874198869,4.666666667,3.081827411,2.547051597,3.922908454,4.111175049,,190.8
2004-11-01,189986.57,2.02,405.71,281.11,11352,44411,0.038,6.915444165,4.611111111,3.118883249,2.453439803,3.922908454,4.111175049,,191.7
2004-12-01,190928.47,1.89,408.05,278.68,11352,44411,0.066,6.954686712,4.25,3.142639594,2.423587224,3.922908454,4.111175049,,191.7
2005-01-01,191553.21,1.88,408.46,283.38,11551,46301,0.032,6.980715365,4.222222222,3.14680203,2.481326781,4.032851511,4.328691449,,191.6
2005-02-01,193244.8,1.95,412.75,283.99,11551,46301,0.029,7.051192379,4.416666667,3.19035533,2.488820639,4.032851511,4.328691449,,192.4
2005-03-01,195993.63,2.12,421.42,281.17,11551,46301,0.031,7.165717371,4.888888889,3.278375635,2.454176904,4.032851511,4.328691449,,193.1
2005-04-01,198492.57,2.29,425.51,284.91,11551,46301,0.027,7.269831152,5.361111111,3.319898477,2.50012285,4.032851511,4.328691449,,193.7
2005-05-01,201097.23,2.21,426.1,289.26,11551,46301,0.032,7.378349563,5.138888889,3.325888325,2.553562654,4.032851511,4.328691449,,193.6
2005-06-01,203548.11,2.2,418.43,286.05,11551,46301,0.026,7.480461011,5.111111111,3.248020305,2.514127764,4.032851511,4.328691449,,193.7
2005-07-01,205499.21,2.33,399.31,284.03,11551,46301,0.021,7.561750037,5.472222222,3.053908629,2.489312039,4.032851511,4.328691449,,194.9
2005-08-01,206892.84,2.53,399.15,282.1,11551,46301,0.026,7.619813091,6.027777778,3.052284264,2.465601966,4.032851511,4.328691449,,196.1
2005-09-01,208209.59,2.95,392.42,282.6,11551,46301,0.027,7.674673079,7.194444444,2.983959391,2.471744472,4.032851511,4.328691449,,198.8
2005-10-01,208728.6,2.77,397.59,279.23,11551,46301,0.029,7.696296685,6.694444444,3.036446701,2.43034398,4.032851511,4.328691449,,199.1
2005-11-01,209276.45,2.3,401.86,277,11551,46301,0.032,7.719121857,5.388888889,3.079796954,2.402948403,4.032851511,4.328691449,,198.1
2005-12-01,209670.51,2.23,406.03,278.61,11551,46301,0.031,7.735539649,5.194444444,3.12213198,2.422727273,4.032851511,4.328691449,,198.1
2006-01-01,210141.46,2.36,406.92,276.29,11656,48223,0.037,7.755160922,5.555555556,3.131167513,2.394226044,4.078405607,4.549890666,,199.3
2006-02-01,211073.76,2.33,405.87,279.63,11656,48223,0.039,7.794003502,5.472222222,3.120507614,2.435257985,4.078405607,4.549890666,,199.4
2006-03-01,212659.62,2.47,401.11,276.29,11656,48223,0.041,7.860075469,5.861111111,3.072182741,2.394226044,4.078405607,4.549890666,,199.7
2006-04-01,214043.65,2.79,402.05,279.61,11656,48223,0.038,7.917738556,6.75,3.081725888,2.435012285,4.078405607,4.549890666,,200.7
2006-05-01,215735.24,2.95,395.12,276.61,11656,48223,0.036,7.98821557,7.194444444,3.011370558,2.398157248,4.078405607,4.549890666,,201.3
2006-06-01,216504.14,2.93,392.14,279.92,11656,48223,0.037,8.020250387,7.138888889,2.981116751,2.438820639,4.078405607,4.549890666,,201.8
2006-07-01,216235.03,3.03,387.79,284.22,11656,48223,0.031,8.00903841,7.416666667,2.936954315,2.491646192,4.078405607,4.549890666,,202.9
2006-08-01,216734.82,3,397.59,285,11656,48223,0.033,8.029861249,7.333333333,3.036446701,2.501228501,4.078405607,4.549890666,,203.8
2006-09-01,215985.13,2.61,392.62,288.22,11656,48223,0.032,7.998626782,6.25,2.985989848,2.540786241,4.078405607,4.549890666,,202.8
2006-10-01,215591.07,2.29,394.68,286.62,11656,48223,0.032,7.98220899,5.361111111,3.006903553,2.521130221,4.078405607,4.549890666,,201.9
2006-11-01,215312.34,2.28,396.3,279.51,11656,48223,0.036,7.970596213,5.333333333,3.023350254,2.433783784,4.078405607,4.549890666,,202
2006-12-01,214399.27,2.36,392.09,276.82,11656,48223,0.035,7.932554815,5.555555556,2.980609137,2.400737101,4.078405607,4.549890666,,203.1
2007-01-01,214274.32,2.29,393.95,280.24,11552,49968,0.032,7.927349001,5.361111111,2.999492386,2.442751843,4.032851511,4.7507193,,203.437
2007-02-01,214927.89,2.32,404.97,279.73,11552,49968,0.036,7.954578804,5.444444444,3.111370558,2.436486486,4.032851511,4.7507193,,204.226
2007-03-01,216609.87,2.61,418.4,282.46,11552,49968,0.039,8.024655435,6.25,3.247715736,2.47002457,4.032851511,4.7507193,,205.288
2007-04-01,217744,2.89,428.47,281.34,11552,49968,0.038,8.071906894,7.027777778,3.349949239,2.456265356,4.032851511,4.7507193,,205.904
2007-05-01,218003.51,3.19,429.75,287.35,11552,49968,0.036,8.082718906,7.861111111,3.362944162,2.53009828,4.032851511,4.7507193,,206.755
2007-06-01,217955.45,3.1,421.47,290.88,11552,49968,0.035,8.080716573,7.611111111,3.278883249,2.573464373,4.032851511,4.7507193,,207.234
2007-07-01,216725.2,3.01,414.28,293.64,11552,49968,0.034,8.029460449,7.361111111,3.205888325,2.607371007,4.032851511,4.7507193,,207.603
2007-08-01,215543.01,2.83,415.9,293.13,11552,49968,0.031,7.980206658,6.861111111,3.222335025,2.601105651,4.032851511,4.7507193,,207.667
2007-09-01,213899.48,2.85,422.7,290.61,11552,49968,0.031,7.911731976,6.916666667,3.291370558,2.57014742,4.032851511,4.7507193,,208.547
2007-10-01,211602.38,2.85,412.97,292.93,11552,49968,0.03,7.816027491,6.916666667,3.192588832,2.598648649,4.032851511,4.7507193,,209.19
2007-11-01,209199.56,3.13,415.89,286.34,11552,49968,0.028,7.715918375,7.694444444,3.222233503,2.517690418,4.032851511,4.7507193,,210.834
2007-12-01,207017.79,3.07,411.3,285.94,11552,49968,0.032,7.625018905,7.527777778,3.175634518,2.512776413,4.032851511,4.7507193,,211.445
2008-01-01,204403.52,3.1,410.03,285.56,10994,50132,0.032,7.51610011,7.611111111,3.162741117,2.508108108,3.815593517,4.769593739,,212.174
2008-02-01,203692.28,3.08,418.62,282.53,10994,50132,0.036,7.486467592,7.555555556,3.249949239,2.470884521,3.815593517,4.769593739,,212.687
2008-03-01,202635.04,3.29,420.5,283.31,10994,50132,0.034,7.442419614,8.138888889,3.269035533,2.48046683,3.815593517,4.769593739,,213.448
2008-04-01,201625.85,3.51,417.19,285.85,10994,50132,0.029,7.400373552,8.75,3.235431472,2.511670762,3.815593517,4.769593739,,213.942
2008-05-01,200732,3.82,424.15,290.34,10994,50132,0.073,7.363132921,9.611111111,3.306091371,2.566830467,3.815593517,4.769593739,,215.208
2008-06-01,200261.05,4.11,429.56,293.25,10994,50132,0.051,7.343511648,10.41666667,3.361015228,2.602579853,3.815593517,4.769593739,,217.463
2008-07-01,198281.12,4.11,434,296.17,10994,50132,0.04,7.261021473,10.41666667,3.406091371,2.638452088,3.815593517,4.769593739,,219.016
2008-08-01,196003.24,3.83,452.57,301.7,10994,50132,0.035,7.166117754,9.638888889,3.594619289,2.706388206,3.815593517,4.769593739,,218.69
2008-09-01,193485.08,3.76,450.87,302.61,10994,50132,0.043,7.061203208,9.444444444,3.577360406,2.717567568,3.815593517,4.769593739,,218.877
2008-10-01,191389.82,3.11,451.12,301.7,10994,50132,0.052,6.973908019,7.638888889,3.579898477,2.706388206,3.815593517,4.769593739,,216.995
2008-11-01,187180.07,2.21,443.29,300.26,10994,50132,0.063,6.798516458,5.138888889,3.500406091,2.688697789,3.815593517,4.769593739,,213.153
2008-12-01,185498.09,1.75,437.52,300.52,10994,50132,0.062,6.728439826,3.861111111,3.441827411,2.691891892,3.815593517,4.769593739,,211.398
2009-01-01,186142.05,1.84,432.26,299.64,11239,49534,0.062,6.755269246,4.111111111,3.388426396,2.681081081,3.922908454,4.549890666,,211.933
2009-02-01,186872.51,1.98,436.76,296.12,11239,49534,0.056,6.785702531,4.5,3.434111675,2.637837838,3.922908454,4.549890666,,212.705
2009-03-01,185267.42,2.01,429.99,294.24,11239,49534,0.059,6.718829381,4.583333333,3.365380711,2.614742015,3.922908454,4.549890666,,212.495
2009-04-01,185401.98,2.1,427.32,291.39,11239,49534,0.066,6.724435579,4.833333333,3.338274112,2.57972973,3.922908454,4.549890666,,212.709
2009-05-01,186728.34,2.32,433.47,295.41,11239,49534,0.079,6.77969595,5.444444444,3.40071066,2.629115479,3.922908454,4.549890666,,213.022
2009-06-01,187478.02,2.68,427.67,295.39,11239,49534,0.062,6.810930001,6.444444444,3.341827411,2.628869779,3.922908454,4.549890666,,214.79
2009-07-01,186805.23,2.58,417.94,295.73,11239,49534,0.055,6.782899432,6.166666667,3.243045685,2.633046683,3.922908454,4.549890666,,214.726
2009-08-01,186161.27,2.67,421.6,293.37,11239,49534,0.045,6.756070012,6.416666667,3.280203046,2.604054054,3.922908454,4.549890666,,215.445
2009-09-01,185132.86,2.61,413.17,290.6,11239,49534,0.056,6.713223184,6.25,3.194619289,2.57002457,3.922908454,4.549890666,,215.861
2009-10-01,185017.53,2.61,414.54,288.01,11239,49534,0.052,6.70841817,6.25,3.208527919,2.538206388,3.922908454,4.549890666,,216.509
2009-11-01,184863.74,2.71,430.42,281.78,11239,49534,0.056,6.70201079,6.527777778,3.369746193,2.461670762,3.922908454,4.549890666,,217.234
2009-12-01,181711.24,2.66,428.09,282,11239,49534,0.056,6.570667623,6.388888889,3.346091371,2.464373464,3.922908454,4.549890666,,217.347
2010-01-01,180798.16,2.77,417.27,287.77,11490,49167,0.059,6.532625809,6.694444444,3.236243655,2.535257985,4.032851511,4.549890666,,217.488
2010-02-01,180375.27,2.7,418.55,291.71,11490,49167,0.056,6.515006868,6.5,3.249238579,2.583660934,4.032851511,4.549890666,,217.281
2010-03-01,180913.5,2.82,430.37,291.43,11490,49167,0.056,6.53743124,6.833333333,3.369238579,2.58022113,4.032851511,4.549890666,,217.353
2010-04-01,182547.42,2.9,443.6,291.87,11490,49167,0.062,6.605505539,7.055555556,3.503553299,2.585626536,4.032851511,4.549890666,,217.403
2010-05-01,184181.34,2.89,445.65,304.3,11490,49167,0.067,6.673579838,7.027777778,3.524365482,2.738329238,4.032851511,4.549890666,,217.29
2010-06-01,183258.66,2.79,447.17,310.37,11490,49167,0.065,6.635138057,6.75,3.539796954,2.812899263,4.032851511,4.549890666,,217.199
2010-07-01,182124.52,2.78,441.49,318.52,11490,49167,0.064,6.587886181,6.722222222,3.48213198,2.913022113,4.032851511,4.549890666,,217.605
2010-08-01,181384.45,2.78,435.26,323.16,11490,49167,0.065,6.557052514,6.722222222,3.418883249,2.97002457,4.032851511,4.549890666,,217.923
2010-09-01,178847.07,2.76,441.76,329.95,11490,49167,0.065,6.451337201,6.666666667,3.484873096,3.053439803,4.032851511,4.549890666,,218.275
2010-10-01,178529.9,2.85,447.76,336.26,11490,49167,0.063,6.438122891,6.916666667,3.545786802,3.130958231,4.032851511,4.549890666,,219.035
2010-11-01,177299.65,2.91,448.84,331.97,11490,49167,0.061,6.386866767,7.083333333,3.556751269,3.078255528,4.032851511,4.549890666,,219.59
2010-12-01,174589.26,3.05,443.05,318.84,11490,49167,0.065,6.273943307,7.472222222,3.497969543,2.916953317,4.032851511,4.549890666,,220.472
2011-01-01,172618.95,3.15,452.13,324.13,11651,49842,0.069,6.191853932,7.75,3.590152284,2.981941032,4.103372755,4.549890666,,221.187
2011-02-01,171186.86,3.26,458.29,328.32,11651,49842,0.072,6.132188513,8.055555556,3.652690355,3.033415233,4.103372755,4.549890666,,221.898
2011-03-01,170177.68,3.62,472.46,335.74,11651,49842,0.066,6.090142867,9.055555556,3.796548223,3.124570025,4.103372755,4.549890666,,223.046
2011-04-01,172071.1,3.85,479.44,337.66,11651,49842,0.066,6.169028761,9.694444444,3.867411168,3.148157248,4.103372755,4.549890666,,224.093
2011-05-01,173330.18,3.96,483.71,348.41,11651,49842,0.065,6.221486034,10,3.910761421,3.28022113,4.103372755,4.549890666,,224.806
2011-06-01,174867.99,3.74,478.02,348.11,11651,49842,0.067,6.285556085,9.388888889,3.852994924,3.276535627,4.103372755,4.549890666,,224.806
2011-07-01,175165.94,3.71,476.66,346.59,11651,49842,0.069,6.297969628,9.305555556,3.839187817,3.257862408,4.103372755,4.549890666,,225.395
2011-08-01,174041.42,3.7,486.79,351.17,11651,49842,0.069,6.251118552,9.277777778,3.942030457,3.314127764,4.103372755,4.549890666,,226.106
2011-09-01,174252.87,3.67,491.41,356.15,11651,49842,0.065,6.259928231,9.194444444,3.98893401,3.375307125,4.103372755,4.549890666,,226.597
2011-10-01,172580.5,3.51,493.27,346.82,11651,49842,0.065,6.190251983,8.75,4.007817259,3.260687961,4.103372755,4.549890666,,226.75
2011-11-01,172791.95,3.44,500.13,351.07,11651,49842,0.066,6.199061662,8.555555556,4.077461929,3.312899263,4.103372755,4.549890666,,227.169
2011-12-01,171888.49,3.33,501.65,346.07,11651,49842,0.075,6.161420648,8.25,4.092893401,3.251474201,4.103372755,4.549890666,,227.223
2012-01-01,170120.01,3.44,509.35,349.5,11594,51179,0.078,6.087740152,8.555555556,4.17106599,3.293611794,4.032851511,4.89009092,,227.842
2012-02-01,170610.19,3.64,504.48,349.46,11594,51179,0.078,6.108162608,9.111111111,4.121624365,3.293120393,4.032851511,4.89009092,,228.329
2012-03-01,173176.4,3.91,505.27,348.99,11594,51179,0.082,6.21507907,9.861111111,4.12964467,3.287346437,4.032851511,4.89009092,,228.807
2012-04-01,175636.9,3.96,498.62,345.95,11594,51179,0.085,6.317591318,10,4.06213198,3.25,4.032851511,4.89009092,,229.187
2012-05-01,178462.62,3.79,496.54,340.8,11594,51179,0.086,6.435319792,9.527777778,4.041015228,3.186732187,4.032851511,4.89009092,,228.713
2012-06-01,180298.38,3.6,493.19,339.68,11594,51179,0.086,6.511803386,9,4.007005076,3.172972973,4.032851511,4.89009092,,228.524
2012-07-01,180596.33,3.5,501.34,343.44,11594,51179,0.078,6.52421693,8.722222222,4.089746193,3.219164619,4.032851511,4.89009092,,228.59
2012-08-01,180971.17,3.78,494.47,352.64,11594,51179,0.076,6.539833956,9.5,4.02,3.332186732,4.032851511,4.89009092,,229.918
2012-09-01,180807.78,3.91,494.11,350.73,11594,51179,0.081,6.533026609,9.861111111,4.016345178,3.308722359,4.032851511,4.89009092,,231.015
2012-10-01,180836.61,3.81,500.35,348.42,11594,51179,0.087,6.534227758,9.583333333,4.079695431,3.28034398,4.032851511,4.89009092,,231.638
2012-11-01,181000,3.52,510.91,347.83,11594,51179,0.095,6.541035105,8.777777778,4.186903553,3.273095823,4.032851511,4.89009092,,231.249
2012-12-01,180519.44,3.38,507.77,342.66,11594,51179,0.116,6.521013448,8.388888889,4.155025381,3.20958231,4.032851511,4.89009092,,231.221
2013-01-01,180711.66,3.39,520.58,345.11,11676,52322,0.059,6.529021944,8.416666667,4.285076142,3.23968059,4.114323259,5.021636552,,231.679
2013-02-01,181941.91,3.74,517.91,349.08,11676,52322,0.056,6.580278068,9.388888889,4.257969543,3.288452088,4.114323259,5.021636552,,232.937
2013-03-01,185219.36,3.78,526.35,351.71,11676,52322,0.059,6.716827049,9.5,4.343654822,3.320761671,4.114323259,5.021636552,,232.282
2013-04-01,187747.13,3.64,522.39,350.69,11676,52322,0.062,6.822141979,9.111111111,4.303451777,3.308230958,4.114323259,5.021636552,,231.797
2013-05-01,191159.15,3.68,522.61,355.26,11676,52322,0.064,6.964297573,9.222222222,4.305685279,3.364373464,4.114323259,5.021636552,,231.893
2013-06-01,193523.53,3.69,527.44,361.66,11676,52322,0.065,7.062805157,9.25,4.354720812,3.442997543,4.114323259,5.021636552,,232.445
2013-07-01,194561.55,3.66,533.09,369.57,11676,52322,0.063,7.106052368,9.166666667,4.412081218,3.54017199,4.114323259,5.021636552,,232.9
2013-08-01,194167.48,3.65,535.07,375.74,11676,52322,0.064,7.08963416,9.138888889,4.432182741,3.615970516,4.114323259,5.021636552,,233.456
2013-09-01,194148.26,3.6,529.42,379.22,11676,52322,0.065,7.088833394,9,4.374822335,3.658722359,4.114323259,5.021636552,,233.544
2013-10-01,193561.97,3.42,535.46,380.93,11676,52322,0.06,7.064406689,8.5,4.436142132,3.67972973,4.114323259,5.021636552,,233.669
2013-11-01,193023.74,3.32,540.86,377.61,11676,52322,0.058,7.041982317,8.222222222,4.490964467,3.638943489,4.114323259,5.021636552,,234.1
2013-12-01,192802.68,3.36,536.04,376.13,11676,52322,0.06,7.032772255,8.333333333,4.442030457,3.620761671,4.114323259,5.021636552,,234.719
2014-01-01,192456.67,3.39,534.57,375.76,12457,53741,0.067,7.018356379,8.416666667,4.427106599,3.616216216,4.456416995,5.184946484,,235.288
2014-02-01,193379.36,3.43,557.54,372.68,12457,53741,0.066,7.056798576,8.527777778,4.660304569,3.578378378,4.456416995,5.184946484,,235.547
2014-03-01,195791.79,3.61,572.02,383.04,12457,53741,0.067,7.157308075,9.027777778,4.807309645,3.705651106,4.456416995,5.184946484,,236.028
2014-04-01,197906.28,3.74,587.13,395,12457,53741,0.069,7.245404447,9.388888889,4.96071066,3.852579853,4.456416995,5.184946484,,236.468
2014-05-01,200145.71,3.75,591.32,409.92,12457,53741,0.071,7.338706217,9.416666667,5.003248731,4.035872236,4.456416995,5.184946484,,236.918
2014-06-01,202433.2,3.77,591.69,411.56,12457,53741,0.071,7.434010318,9.472222222,5.007005076,4.056019656,4.456416995,5.184946484,,237.231
2014-07-01,203125.21,3.69,595.14,412.69,12457,53741,0.072,7.462841654,9.25,5.042030457,4.06990172,4.456416995,5.184946484,,237.498
2014-08-01,202731.15,3.57,623.96,419.98,12457,53741,0.07,7.446423862,8.916666667,5.334619289,4.159459459,4.456416995,5.184946484,,237.46
2014-09-01,201933.41,3.48,625.62,421.55,12457,53741,0.072,7.413187479,8.666666667,5.351472081,4.178746929,4.456416995,5.184946484,,237.477
2014-10-01,201962.25,3.26,624.06,414.85,12457,53741,0.071,7.414389045,8.055555556,5.335634518,4.096437346,4.456416995,5.184946484,,237.43
2014-11-01,202154.47,3,630.31,406.39,12457,53741,0.073,7.422397541,7.333333333,5.399086294,3.992506143,4.456416995,5.184946484,,236.983
2014-12-01,202231.36,2.63,630.98,399.11,12457,53741,0.077,7.425601023,6.305555556,5.405888325,3.903071253,4.456416995,5.184946484,,236.252
2015-01-01,201327.9,2.21,633.3,398.94,12943,54041,0.08,7.387960008,5.138888889,5.429441624,3.900982801,4.669294788,5.219472897,,234.747
2015-02-01,203211.72,2.3,626.99,394.12,12943,54041,0.081,7.466445935,5.388888889,5.365380711,3.841769042,4.669294788,5.219472897,,235.342
2015-03-01,205806.77,2.55,630.88,387.43,12943,54041,0.077,7.574563964,6.083333333,5.404873096,3.75958231,4.669294788,5.219472897,,235.976
2015-04-01,207940.48,2.56,640.16,376.93,12943,54041,0.076,7.663461102,6.111111111,5.499086294,3.630589681,4.669294788,5.219472897,,236.222
2015-05-01,211006.48,2.8,641.19,369.59,12943,54041,0.075,7.791200404,6.777777778,5.509543147,3.54041769,4.669294788,5.219472897,,237.001
2015-06-01,212938.35,2.89,640.64,370.33,12943,54041,0.074,7.871688246,7.027777778,5.503959391,3.5495086,4.669294788,5.219472897,,237.657
2015-07-01,213774.53,2.88,636.49,376.95,12943,54041,0.073,7.906526162,7,5.461827411,3.630835381,4.669294788,5.219472897,,238.034
2015-08-01,213130.58,2.73,632.81,383.41,12943,54041,0.073,7.879697159,6.583333333,5.424467005,3.71019656,4.669294788,5.219472897,,238.033
2015-09-01,213159.41,2.46,623.02,391.92,12943,54041,0.074,7.880898308,5.833333333,5.325076142,3.814742015,4.669294788,5.219472897,,237.498
2015-10-01,213053.69,2.39,623.08,397.26,12943,54041,0.075,7.876493677,5.638888889,5.325685279,3.88034398,4.669294788,5.219472897,,237.733
2015-11-01,213486.2,2.26,620.92,391.72,12943,54041,0.073,7.894513418,5.277777778,5.303756345,3.812285012,4.669294788,5.219472897,,238.017
2015-12-01,213111.35,2.14,597.16,384.58,12943,54041,0.074,7.878895976,4.944444444,5.062538071,3.724570025,4.669294788,5.219472897,,237.761
2016-01-01,213044.08,2.06,597.54,379.34,13258,56832,0.077,7.876093294,4.722222222,5.066395939,3.66019656,4.807271134,5.540683623,,237.652
2016-02-01,213793.76,1.87,598.55,373.83,13258,56832,0.072,7.907327345,4.194444444,5.076649746,3.592506143,4.807271134,5.540683623,,237.336
2016-03-01,217494.11,2.07,622.27,375.98,13258,56832,0.076,8.061495683,4.75,5.317461929,3.618918919,4.807271134,5.540683623,,238.08
2016-04-01,219858.49,2.22,610.45,379.86,13258,56832,0.072,8.160003266,5.166666667,5.197461929,3.666584767,4.807271134,5.540683623,,238.992
2016-05-01,222549.65,2.37,608.13,378.09,13258,56832,0.069,8.272125543,5.583333333,5.173908629,3.644840295,4.807271134,5.540683623,,239.557
2016-06-01,224741.03,2.47,619.97,376.98,13258,56832,0.066,8.363425396,5.861111111,5.294111675,3.631203931,4.807271134,5.540683623,,240.222
2016-07-01,225711.77,2.35,608.98,378.14,13258,56832,0.068,8.403869509,5.527777778,5.182538071,3.645454545,4.807271134,5.540683623,,240.101
2016-08-01,225654.1,2.28,591.51,379.81,13258,56832,0.068,8.401466794,5.333333333,5.005177665,3.665970516,4.807271134,5.540683623,,240.545
2016-09-01,225817.49,2.33,586.8,378.89,13258,56832,0.068,8.40827414,5.472222222,4.957360406,3.654668305,4.807271134,5.540683623,,241.176
2016-10-01,225779.05,2.36,573.67,374.32,13258,56832,0.069,8.406672608,5.555555556,4.824060914,3.598525799,4.807271134,5.540683623,,241.741
2016-11-01,226211.56,2.3,576.37,362.54,13258,56832,0.07,8.424692349,5.388888889,4.851472081,3.453808354,4.807271134,5.540683623,,242.026
2016-12-01,226288.45,2.37,562.15,358.31,13258,56832,0.065,8.42789583,5.583333333,4.707106599,3.401842752,4.807271134,5.540683623,,242.637
2017-01-01,225384.99,2.46,566.19,357.01,13332,59149,0.069,8.390254816,5.833333333,4.748121827,3.385872236,4.839684625,5.807342617,,243.62
2017-02-01,227307.25,2.42,584.04,364.32,13332,59149,0.072,8.470342276,5.722222222,4.929340102,3.475675676,4.839684625,5.807342617,,243.872
2017-03-01,230921.09,2.44,590.39,377.99,13332,59149,0.072,8.620906332,5.777777778,4.993807107,3.643611794,4.839684625,5.807342617,,243.766
2017-04-01,234044.77,2.53,593.29,374.71,13332,59149,0.072,8.751048766,6.027777778,5.023248731,3.603316953,4.839684625,5.807342617,,244.274
2017-05-01,236755.15,2.5,614.01,372.77,13332,59149,0.078,8.863971809,5.944444444,5.233604061,3.579484029,4.839684625,5.807342617,,244.069
2017-06-01,238437.13,2.46,620.68,375.58,13332,59149,0.075,8.93404844,5.833333333,5.301319797,3.614004914,4.839684625,5.807342617,,244.218
2017-07-01,239503.98,2.41,610.03,383.29,13332,59149,0.076,8.978496801,5.694444444,5.19319797,3.708722359,4.839684625,5.807342617,,244.28
2017-08-01,240234.44,2.49,597.01,393.51,13332,59149,0.076,9.008930085,5.916666667,5.061015228,3.834275184,4.839684625,5.807342617,,245.205
2017-09-01,239955.72,2.76,578.2,398.54,13332,59149,0.073,8.997317725,6.666666667,4.870050761,3.896068796,4.839684625,5.807342617,,246.551
2017-10-01,239965.33,2.62,575.45,390.67,13332,59149,0.074,8.997718108,6.277777778,4.84213198,3.799385749,4.839684625,5.807342617,,246.657
2017-11-01,240763.07,2.68,580.7,378.62,13332,59149,0.07,9.030954491,6.444444444,4.895431472,3.651351351,4.839684625,5.807342617,,247.378
2017-12-01,240455.5,2.59,580.27,374.05,13332,59149,0.066,9.018140147,6.194444444,4.89106599,3.595208845,4.839684625,5.807342617,,247.736
2018-01-01,241474.3,2.67,575.75,374.99,13775,61564,0.074,9.060586593,6.416666667,4.845177665,3.606756757,5.033727551,6.060421222,,248.721
2018-02-01,244117.41,2.71,582.77,373.96,13775,61564,0.076,9.170706953,6.527777778,4.916446701,3.594103194,5.033727551,6.060421222,,249.3
2018-03-01,246847.02,2.71,587.05,375.27,13775,61564,0.076,9.284431179,6.527777778,4.959898477,3.61019656,5.033727551,6.060421222,,249.517
2018-04-01,249028.78,2.87,606.03,375.23,13775,61564,0.074,9.375330233,6.972222222,5.152588832,3.60970516,5.033727551,6.060421222,,250.275
2018-05-01,251941.01,2.99,596.44,374.08,13775,61564,0.075,9.496662988,7.305555556,5.055228426,3.595577396,5.033727551,6.060421222,,250.786
2018-06-01,253574.93,2.97,597.83,369.65,13775,61564,0.076,9.564737287,7.25,5.069340102,3.541154791,5.033727551,6.060421222,,251.152
2018-07-01,254343.83,2.93,601.99,373.07,13775,61564,0.076,9.596772104,7.138888889,5.111573604,3.583169533,5.033727551,6.060421222,,251.345
2018-08-01,254785.95,2.91,608.24,381.65,13775,61564,0.076,9.615192228,7.083333333,5.175025381,3.688574939,5.033727551,6.060421222,,251.735
2018-09-01,254141.99,2.92,593.46,378.51,13775,61564,0.076,9.588362808,7.111111111,5.024974619,3.65,5.033727551,6.060421222,,252.183
2018-10-01,253920.93,2.94,584.02,372.69,13775,61564,0.074,9.579152746,7.166666667,4.929137056,3.578501229,5.033727551,6.060421222,,252.899
2018-11-01,254670.62,2.74,591.14,370.05,13775,61564,0.072,9.610387213,6.611111111,5.00142132,3.546068796,5.033727551,6.060421222,,252.822
2018-12-01,253853.66,2.46,583.3,373.98,13775,61564,0.09,9.576350064,5.833333333,4.921827411,3.594348894,5.033727551,6.060421222,,252.493
2019-01-01,254497.61,2.34,585.99,371.4,15286,61348,0.087,9.603179067,5.5,4.949137056,3.562653563,5.695575996,6.060421222,,252.441
2019-02-01,256371.82,2.39,590.02,373.14,15286,61348,0.088,9.681264611,5.638888889,4.990050761,3.584029484,5.695575996,6.060421222,,252.969
2019-03-01,259139.87,2.59,606.81,379.95,15286,61348,0.082,9.796590369,6.194444444,5.160507614,3.667690418,5.695575996,6.060421222,,254.147
2019-04-01,262128.98,2.88,610.22,378.75,15286,61348,0.077,9.921126189,7,5.195126904,3.652948403,5.695575996,6.060421222,,255.326
2019-05-01,264839.37,2.95,617.31,388.26,15286,61348,0.074,10.03404965,7.194444444,5.267106599,3.76977887,5.695575996,6.060421222,,255.371
2019-06-01,265944.67,2.8,614.73,392,15286,61348,0.072,10.08009996,6.777777778,5.240913706,3.815724816,5.695575996,6.060421222,,255.423
2019-07-01,267030.75,2.82,614.66,392.68,15286,61348,0.07,10.1253495,6.833333333,5.240203046,3.824078624,5.695575996,6.060421222,,255.925
2019-08-01,267001.91,2.71,607.44,389.59,15286,61348,0.072,10.12414794,6.527777778,5.166903553,3.786117936,5.695575996,6.060421222,,256.118
2019-09-01,267722.76,2.68,600.62,387.92,15286,61348,0.073,10.15418084,6.444444444,5.097664975,3.765601966,5.695575996,6.060421222,,256.532
2019-10-01,267780.43,2.72,589.22,391.15,15286,61348,0.074,10.15658355,6.555555556,4.981928934,3.805282555,5.695575996,6.060421222,,257.387
2019-11-01,268184.1,2.69,606.49,386.02,15286,61348,0.075,10.17340173,6.472222222,5.157258883,3.742260442,5.695575996,6.060421222,,257.989
2019-12-01,268818.45,2.65,609.03,381.09,15286,61348,0.073,10.19983076,6.361111111,5.183045685,3.681695332,5.695575996,6.060421222,,258.203
2020-01-01,269702.69,2.64,605.89,383.74,14589,63572,0.078,10.23667101,6.333333333,5.151167513,3.714250614,5.033727551,6.316377028,,258.687
2020-02-01,272960.92,2.53,604.46,386.43,14589,63572,0.083,10.37241923,6.027777778,5.136649746,3.747297297,5.033727551,6.316377028,,258.824
2020-03-01,275536.75,2.33,604.61,384.55,14589,63572,0.131,10.47973649,5.472222222,5.138172589,3.724201474,5.033727551,6.316377028,,257.989
2020-04-01,277747.35,1.94,644.36,389.28,14589,63572,0.338,10.57183711,4.388888889,5.541725888,3.782309582,5.033727551,6.316377028,,256.192
2020-05-01,278670.03,1.96,758.51,404.85,14589,63572,0.248,10.61027889,4.444444444,6.700609137,3.973587224,5.033727551,6.316377028,,255.942
2020-06-01,282149.32,2.17,755.77,424.51,14589,63572,0.193,10.75523717,5.027777778,6.672791878,4.215110565,5.033727551,6.316377028,,257.282
2020-07-01,285397.94,2.27,683.84,417.88,14589,63572,0.187,10.890585,5.305555556,5.942538071,4.133660934,5.033727551,6.316377028,,258.604
2020-08-01,289377.02,2.27,649.2,408.44,14589,63572,0.15,11.05636611,5.305555556,5.590862944,4.017690418,5.033727551,6.316377028,,259.511
2020-09-01,293058.15,2.27,637.1,405.28,14589,63572,0.143,11.20973368,5.305555556,5.468020305,3.978869779,5.033727551,6.316377028,,260.149
2020-10-01,296095.32,2.25,635.36,408.42,14589,63572,0.136,11.33627184,5.25,5.45035533,4.017444717,5.033727551,6.316377028,,260.462
2020-11-01,298382.81,2.2,634.07,409.85,14589,63572,0.13,11.43157594,5.111111111,5.437258883,4.035012285,5.033727551,6.316377028,,260.927
2020-12-01,300401.18,2.28,629.29,411.95,14589,63572,0.14,11.51566765,5.333333333,5.388730964,4.060810811,5.033727551,6.316377028,,261.56
2021-01-01,303034.68,2.42,640.7,412.2,14589,68938,0.199,11.62538762,5.722222222,5.504568528,4.063882064,5.033727551,6.316377028,,262.231
2021-02-01,307436.65,2.59,641.4,415.3,14589,68938,0.135,11.80878768,6.194444444,5.511675127,4.101965602,5.033727551,6.316377028,,263.161
2021-03-01,314587.46,2.9,648.2,416.5,14589,68938,0.266,12.10671315,7.055555556,5.58071066,4.116707617,5.033727551,6.316377028,,264.793
2021-04-01,322093.89,2.95,675.5,432.3,14589,68938,0.124,12.41945487,7.194444444,5.85786802,4.310810811,5.033727551,6.316377028,,266.832
2021-05-01,329465.75,3.08,696.2,438.4,14589,68938,0.1,12.72658998,7.555555556,6.068020305,4.385749386,5.033727551,6.316377028,,268.551
2021-06-01,335520.87,3.16,746.5,454.6,14589,68938,0.09,12.97886552,7.777777778,6.578680203,4.584766585,5.033727551,6.316377028,,270.981
2021-07-01,340278.47,3.23,752.9,460.2,14589,68938,0.099,13.17708225,7.972222222,6.643654822,4.653562654,5.033727551,6.316377028,,272.265
2021-08-01,342844.68,3.26,763.9,465,14589,68938,0.092,13.28399872,8.055555556,6.755329949,4.712530713,5.033727551,6.316377028,,273.012
2021-09-01,357700,3.27,787.1,471.6,14589,68938,0.075,13.90291855,8.083333333,6.990862944,4.793611794,5.033727551,6.316377028,,274.138
2021-10-01,352800,3.38,790.1,481.6,14589,68938,0.075,13.69876898,8.388888889,7.021319797,4.916461916,5.033727551,6.316377028,,276.724
